[{"model": "foodcartapp.restaurant", "pk": 1, "fields": {"name": "Star Burger Арбат", "address": "Москва, ул. Новый Арбат, 15", "contact_phone": "+7 (967) 157-44-13"}}, {"model": "foodcartapp.restaurant", "pk": 2, "fields": {"name": "Star Burger Цветной", "address": "Москва, Цветной бульвар, 11с2", "contact_phone": "+7 (929) 949-55-36"}}, {"model": "foodcartapp.restaurant", "pk": 3, "fields": {"name": "Star Burger Европейский", "address": "Москва, пл. Киевского Вокзала, 2", "contact_phone": "+7 (929) 680-47-58"}}, {"model": "foodcartapp.productcategory", "pk": 1, "fields": {"name": "Бургер"}}, {"model": "foodcartapp.productcategory", "pk": 2, "fields": {"name": "Ролл"}}, {"model": "foodcartapp.product", "pk": 1, "fields": {"name": "Беконайзер", "category": 1, "price": "319.00", "image": "beconizer1.jpg", "special_status": false, "description": "Встречай самый внушительный бургер в коллекции Бургер Кинг. Много мяса, много бекона и много сыра - все, как ты любишь, и ничего лишнего!"}}, {"model": "foodcartapp.product", "pk": 2, "fields": {"name": "Фиш Ролл", "category": 2, "price": "199.00", "image": "fish_roll1.jpg", "special_status": false, "description": "Наш новый ролл с аппетитной котлеткой из филе белой рыбы, с фирменным соусом, маринованными огурчиками и хрустящим салатом. Легкое рыбное удовольствие!"}}, {"model": "foodcartapp.product", "pk": 3, "fields": {"name": "Лонг Чизбургер", "category": 1, "price": "219.00", "image": "long_chiz1.jpg", "special_status": false, "description": "Лонг Чизбургер – эталон в коллекции чизбургеров! Два приготовленных на огне бифштекса с двумя ломтиками слегка расплавленного сыра, хрустящими огурчиками, рубленым луком, горчицей и кетчупом на длинной подрумяненной булочке с кунжутом."}}, {"model": "foodcartapp.product", "pk": 4, "fields": {"name": "Шримп Ролл", "category": 2, "price": "209.00", "image": "shrimp_roll1.jpg", "special_status": false, "description": "Легкий ролл с нежными королевскими креветками в хрустящей панировке, свежий салат Айсберг и ломтик сыра в пшеничной лепешке под фирменным соусом «Кинг». Внимание! Блюдо содержит аллергены – морепродукты."}}, {"model": "foodcartapp.product", "pk": 5, "fields": {"name": "Стейкхаус", "category": 1, "price": "269.00", "image": "steak1.jpg", "special_status": false, "description": "Стейкхаус – это сочетание нашей фирменной, приготовленной на огне 100% говядины с ломтиками бекона и соусом «Барбекю», майонезом, листьями свежего салата, помидором и хрустящим луком на воздушной булочке, посыпанной кукурузной крошкой."}}, {"model": "foodcartapp.product", "pk": 6, "fields": {"name": "Тройной Воппер", "category": 1, "price": "369.00", "image": "triple_vopper1.jpg", "special_status": false, "description": "ВОППЕР® — это вкуснейшая приготовленная на огне 100% говядина с сочными помидорами, свежим нарезанным листовым салатом, густым майонезом, хрустящими маринованными огурчиками и свежим луком на нежной булочке с кунжутом."}}, {"model": "foodcartapp.restaurantmenuitem", "pk": 1, "fields": {"restaurant": 3, "product": 1, "availability": true}}, {"model": "foodcartapp.restaurantmenuitem", "pk": 2, "fields": {"restaurant": 3, "product": 2, "availability": true}}, {"model": "foodcartapp.restaurantmenuitem", "pk": 3, "fields": {"restaurant": 3, "product": 3, "availability": true}}, {"model": "foodcartapp.restaurantmenuitem", "pk": 4, "fields": {"restaurant": 2, "product": 4, "availability": true}}, {"model": "foodcartapp.restaurantmenuitem", "pk": 5, "fields": {"restaurant": 2, "product": 5, "availability": true}}, {"model": "foodcartapp.restaurantmenuitem", "pk": 6, "fields": {"restaurant": 1, "product": 6, "availability": true}}, {"model": "foodcartapp.restaurantmenuitem", "pk": 7, "fields": {"restaurant": 2, "product": 3, "availability": true}}, {"model": "foodcartapp.restaurantmenuitem", "pk": 8, "fields": {"restaurant": 2, "product": 1, "availability": true}}, {"model": "foodcartapp.restaurantmenuitem", "pk": 9, "fields": {"restaurant": 2, "product": 2, "availability": true}}, {"model": "foodcartapp.order", "pk": 17, "fields": {"firstname": "ANTON", "lastname": "FEDOROV", "phonenumber": "+79092832015", "address": "Внуково", "status": "NEW", "comment": "", "registered_at": "2022-05-29T11:20:27Z", "called_at": null, "delivered_at": null, "payment_method": "SPECIFY", "restaurant_to_cook": null}}, {"model": "foodcartapp.order", "pk": 89, "fields": {"firstname": "ANTON", "lastname": "FEDOROV", "phonenumber": "+79092832015", "address": "Третьяковская галерея", "status": "NEW", "comment": "", "registered_at": "2022-05-29T11:20:27Z", "called_at": null, "delivered_at": null, "payment_method": "SPECIFY", "restaurant_to_cook": null}}, {"model": "foodcartapp.order", "pk": 103, "fields": {"firstname": "ANTON", "lastname": "FEDOROV", "phonenumber": "+79092832015", "address": "Шереметьево", "status": "NEW", "comment": "", "registered_at": "2022-05-30T13:19:18Z", "called_at": null, "delivered_at": null, "payment_method": "SPECIFY", "restaurant_to_cook": null}}, {"model": "foodcartapp.order", "pk": 104, "fields": {"firstname": "ANTON", "lastname": "FEDOROV", "phonenumber": "+79092832015", "address": "!", "status": "NEW", "comment": "", "registered_at": "2022-05-30T13:20:42Z", "called_at": null, "delivered_at": null, "payment_method": "CRYPTO", "restaurant_to_cook": null}}, {"model": "foodcartapp.order", "pk": 105, "fields": {"firstname": "Иваныч", "lastname": "Иванычев", "phonenumber": "+79092832015", "address": "Останкино", "status": "NEW", "comment": "", "registered_at": "2022-05-30T13:32:38Z", "called_at": null, "delivered_at": null, "payment_method": "SPECIFY", "restaurant_to_cook": 3}}, {"model": "foodcartapp.order", "pk": 106, "fields": {"firstname": "ANTON", "lastname": "FEDOROV", "phonenumber": "+79092832015", "address": ".", "status": "NEW", "comment": "", "registered_at": "2022-05-30T16:00:06Z", "called_at": null, "delivered_at": null, "payment_method": "SPECIFY", "restaurant_to_cook": null}}, {"model": "foodcartapp.order", "pk": 107, "fields": {"firstname": "ANTON", "lastname": "FEDOROV", "phonenumber": "+79092832015", "address": "м43534еавчау", "status": "NEW", "comment": "", "registered_at": "2022-05-30T17:03:12Z", "called_at": null, "delivered_at": null, "payment_method": "SPECIFY", "restaurant_to_cook": null}}, {"model": "foodcartapp.order", "pk": 108, "fields": {"firstname": "ANTON", "lastname": "FEDOROV", "phonenumber": "+79092832015", "address": "Sovetskaya street, 14, 63,", "status": "NEW", "comment": "", "registered_at": "2022-06-04T21:40:48.729Z", "called_at": null, "delivered_at": null, "payment_method": "SPECIFY", "restaurant_to_cook": null}}, {"model": "foodcartapp.order", "pk": 109, "fields": {"firstname": "ANTON", "lastname": "FEDOROV", "phonenumber": "+79092832015", "address": "Sovetskaya street, 14, 63,", "status": "NEW", "comment": "", "registered_at": "2022-06-04T21:41:34.172Z", "called_at": null, "delivered_at": null, "payment_method": "SPECIFY", "restaurant_to_cook": null}}, {"model": "foodcartapp.order", "pk": 110, "fields": {"firstname": "ANTON", "lastname": "FEDOROV", "phonenumber": "+79092832015", "address": "Sovetskaya street, 14, 63,", "status": "NEW", "comment": "", "registered_at": "2022-06-06T12:48:25.289Z", "called_at": null, "delivered_at": null, "payment_method": "SPECIFY", "restaurant_to_cook": null}}, {"model": "foodcartapp.order", "pk": 111, "fields": {"firstname": "ANTON", "lastname": "FEDOROV", "phonenumber": "+79092832015", "address": "Sovetskaya street, 14, 63,", "status": "NEW", "comment": "", "registered_at": "2022-06-06T12:52:45.141Z", "called_at": null, "delivered_at": null, "payment_method": "SPECIFY", "restaurant_to_cook": null}}, {"model": "foodcartapp.order", "pk": 112, "fields": {"firstname": "ANTON", "lastname": "FEDOROV", "phonenumber": "+79092832015", "address": "Sovetskaya street, 14, 63,", "status": "NEW", "comment": "", "registered_at": "2022-06-06T14:41:10Z", "called_at": null, "delivered_at": null, "payment_method": "SPECIFY", "restaurant_to_cook": null}}, {"model": "foodcartapp.order", "pk": 113, "fields": {"firstname": "ANTON", "lastname": "FEDOROV", "phonenumber": "+79092832015", "address": "Sovetskaya street, 14, 63,", "status": "NEW", "comment": "", "registered_at": "2022-06-07T15:18:28.582Z", "called_at": null, "delivered_at": null, "payment_method": "SPECIFY", "restaurant_to_cook": null}}, {"model": "foodcartapp.order", "pk": 114, "fields": {"firstname": "ANTON", "lastname": "FEDOROV", "phonenumber": "+79092832015", "address": "Sovetskaya street, 14, 63,", "status": "NEW", "comment": "", "registered_at": "2022-06-07T15:19:08.764Z", "called_at": null, "delivered_at": null, "payment_method": "SPECIFY", "restaurant_to_cook": null}}, {"model": "foodcartapp.order", "pk": 115, "fields": {"firstname": "ANTON", "lastname": "FEDOROV", "phonenumber": "+79092832015", "address": "Sovetskaya street, 14, 63,", "status": "NEW", "comment": "", "registered_at": "2022-06-07T20:46:43.774Z", "called_at": null, "delivered_at": null, "payment_method": "SPECIFY", "restaurant_to_cook": null}}, {"model": "foodcartapp.orderproduct", "pk": 14, "fields": {"product": 5, "order": 17, "quantity": 2, "fixed_price": "269.00"}}, {"model": "foodcartapp.orderproduct", "pk": 69, "fields": {"product": 4, "order": 89, "quantity": 4, "fixed_price": "209.00"}}, {"model": "foodcartapp.orderproduct", "pk": 81, "fields": {"product": 5, "order": 103, "quantity": 3, "fixed_price": "269.00"}}, {"model": "foodcartapp.orderproduct", "pk": 82, "fields": {"product": 5, "order": 104, "quantity": 2, "fixed_price": "269.00"}}, {"model": "foodcartapp.orderproduct", "pk": 83, "fields": {"product": 6, "order": 105, "quantity": 2, "fixed_price": "369.00"}}, {"model": "foodcartapp.orderproduct", "pk": 84, "fields": {"product": 1, "order": 106, "quantity": 1, "fixed_price": "319.00"}}, {"model": "foodcartapp.orderproduct", "pk": 85, "fields": {"product": 2, "order": 106, "quantity": 1, "fixed_price": "199.00"}}, {"model": "foodcartapp.orderproduct", "pk": 86, "fields": {"product": 6, "order": 107, "quantity": 2, "fixed_price": "369.00"}}, {"model": "foodcartapp.orderproduct", "pk": 87, "fields": {"product": 4, "order": 107, "quantity": 2, "fixed_price": "209.00"}}, {"model": "foodcartapp.orderproduct", "pk": 88, "fields": {"product": 3, "order": 108, "quantity": 1, "fixed_price": "219.00"}}, {"model": "foodcartapp.orderproduct", "pk": 89, "fields": {"product": 5, "order": 108, "quantity": 1, "fixed_price": "269.00"}}, {"model": "foodcartapp.orderproduct", "pk": 90, "fields": {"product": 1, "order": 108, "quantity": 1, "fixed_price": "319.00"}}, {"model": "foodcartapp.orderproduct", "pk": 91, "fields": {"product": 1, "order": 109, "quantity": 1, "fixed_price": "319.00"}}, {"model": "foodcartapp.orderproduct", "pk": 92, "fields": {"product": 3, "order": 109, "quantity": 1, "fixed_price": "219.00"}}, {"model": "foodcartapp.orderproduct", "pk": 93, "fields": {"product": 5, "order": 109, "quantity": 1, "fixed_price": "269.00"}}, {"model": "foodcartapp.orderproduct", "pk": 94, "fields": {"product": 6, "order": 109, "quantity": 1, "fixed_price": "369.00"}}, {"model": "foodcartapp.orderproduct", "pk": 95, "fields": {"product": 2, "order": 109, "quantity": 1, "fixed_price": "199.00"}}, {"model": "foodcartapp.orderproduct", "pk": 96, "fields": {"product": 4, "order": 109, "quantity": 1, "fixed_price": "209.00"}}, {"model": "foodcartapp.orderproduct", "pk": 97, "fields": {"product": 4, "order": 110, "quantity": 1, "fixed_price": "209.00"}}, {"model": "foodcartapp.orderproduct", "pk": 98, "fields": {"product": 2, "order": 110, "quantity": 1, "fixed_price": "199.00"}}, {"model": "foodcartapp.orderproduct", "pk": 99, "fields": {"product": 5, "order": 110, "quantity": 1, "fixed_price": "269.00"}}, {"model": "foodcartapp.orderproduct", "pk": 100, "fields": {"product": 3, "order": 110, "quantity": 1, "fixed_price": "219.00"}}, {"model": "foodcartapp.orderproduct", "pk": 101, "fields": {"product": 5, "order": 111, "quantity": 2, "fixed_price": "269.00"}}, {"model": "foodcartapp.orderproduct", "pk": 102, "fields": {"product": 3, "order": 111, "quantity": 2, "fixed_price": "219.00"}}, {"model": "foodcartapp.orderproduct", "pk": 103, "fields": {"product": 1, "order": 111, "quantity": 2, "fixed_price": "319.00"}}, {"model": "foodcartapp.orderproduct", "pk": 104, "fields": {"product": 6, "order": 111, "quantity": 2, "fixed_price": "369.00"}}, {"model": "foodcartapp.orderproduct", "pk": 105, "fields": {"product": 1, "order": 112, "quantity": 1, "fixed_price": "319.00"}}, {"model": "foodcartapp.orderproduct", "pk": 106, "fields": {"product": 3, "order": 112, "quantity": 1, "fixed_price": "219.00"}}, {"model": "foodcartapp.orderproduct", "pk": 107, "fields": {"product": 5, "order": 112, "quantity": 1, "fixed_price": "269.00"}}, {"model": "foodcartapp.orderproduct", "pk": 109, "fields": {"product": 1, "order": 17, "quantity": 1, "fixed_price": "120.00"}}, {"model": "foodcartapp.orderproduct", "pk": 110, "fields": {"product": 2, "order": 89, "quantity": 3, "fixed_price": "100.00"}}, {"model": "foodcartapp.orderproduct", "pk": 111, "fields": {"product": 1, "order": 103, "quantity": 3, "fixed_price": "200.00"}}, {"model": "foodcartapp.orderproduct", "pk": 112, "fields": {"product": 2, "order": 104, "quantity": 3, "fixed_price": "333.00"}}, {"model": "foodcartapp.orderproduct", "pk": 113, "fields": {"product": 1, "order": 113, "quantity": 1, "fixed_price": "319.00"}}, {"model": "foodcartapp.orderproduct", "pk": 114, "fields": {"product": 3, "order": 113, "quantity": 1, "fixed_price": "219.00"}}, {"model": "foodcartapp.orderproduct", "pk": 115, "fields": {"product": 5, "order": 113, "quantity": 1, "fixed_price": "269.00"}}, {"model": "foodcartapp.orderproduct", "pk": 116, "fields": {"product": 1, "order": 114, "quantity": 1, "fixed_price": "319.00"}}, {"model": "foodcartapp.orderproduct", "pk": 117, "fields": {"product": 3, "order": 114, "quantity": 1, "fixed_price": "219.00"}}, {"model": "foodcartapp.orderproduct", "pk": 118, "fields": {"product": 5, "order": 114, "quantity": 1, "fixed_price": "269.00"}}, {"model": "foodcartapp.orderproduct", "pk": 119, "fields": {"product": 1, "order": 115, "quantity": 1, "fixed_price": "319.00"}}, {"model": "foodcartapp.orderproduct", "pk": 120, "fields": {"product": 2, "order": 115, "quantity": 1, "fixed_price": "199.00"}}, {"model": "admin.logentry", "pk": 1, "fields": {"action_time": "2022-05-06T19:31:06.903Z", "user": 1, "content_type": 2, "object_id": "1", "object_repr": "Star Burger Арбат", "action_flag": 1, "change_message": "[{\"added\": {}}]"}}, {"model": "admin.logentry", "pk": 2, "fields": {"action_time": "2022-05-06T19:31:36.026Z", "user": 1, "content_type": 2, "object_id": "2", "object_repr": "Star Burger Цветной", "action_flag": 1, "change_message": "[{\"added\": {}}]"}}, {"model": "admin.logentry", "pk": 3, "fields": {"action_time": "2022-05-06T19:32:06.817Z", "user": 1, "content_type": 2, "object_id": "3", "object_repr": "Star Burger Европейский", "action_flag": 1, "change_message": "[{\"added\": {}}]"}}, {"model": "admin.logentry", "pk": 4, "fields": {"action_time": "2022-05-06T19:34:16.083Z", "user": 1, "content_type": 4, "object_id": "1", "object_repr": "Бургер", "action_flag": 1, "change_message": "[{\"added\": {}}]"}}, {"model": "admin.logentry", "pk": 5, "fields": {"action_time": "2022-05-06T19:34:29.133Z", "user": 1, "content_type": 1, "object_id": "1", "object_repr": "Беконайзер", "action_flag": 1, "change_message": "[{\"added\": {}}]"}}, {"model": "admin.logentry", "pk": 6, "fields": {"action_time": "2022-05-06T19:44:45.641Z", "user": 1, "content_type": 4, "object_id": "2", "object_repr": "Ролл", "action_flag": 1, "change_message": "[{\"added\": {}}]"}}, {"model": "admin.logentry", "pk": 7, "fields": {"action_time": "2022-05-06T19:44:54.539Z", "user": 1, "content_type": 1, "object_id": "2", "object_repr": "Фиш Ролл", "action_flag": 1, "change_message": "[{\"added\": {}}]"}}, {"model": "admin.logentry", "pk": 8, "fields": {"action_time": "2022-05-06T19:56:55.565Z", "user": 1, "content_type": 1, "object_id": "3", "object_repr": "Лонг Чизбургер", "action_flag": 1, "change_message": "[{\"added\": {}}]"}}, {"model": "admin.logentry", "pk": 9, "fields": {"action_time": "2022-05-06T20:00:03.656Z", "user": 1, "content_type": 1, "object_id": "4", "object_repr": "Шримп Ролл", "action_flag": 1, "change_message": "[{\"added\": {}}]"}}, {"model": "admin.logentry", "pk": 10, "fields": {"action_time": "2022-05-06T20:28:27.908Z", "user": 1, "content_type": 1, "object_id": "5", "object_repr": "Стейкхаус", "action_flag": 1, "change_message": "[{\"added\": {}}]"}}, {"model": "admin.logentry", "pk": 11, "fields": {"action_time": "2022-05-06T20:28:47.957Z", "user": 1, "content_type": 1, "object_id": "3", "object_repr": "Лонг Чизбургер", "action_flag": 2, "change_message": "[{\"changed\": {\"fields\": [\"\\u041e\\u043f\\u0438\\u0441\\u0430\\u043d\\u0438\\u0435\"]}}]"}}, {"model": "admin.logentry", "pk": 12, "fields": {"action_time": "2022-05-06T20:29:00.625Z", "user": 1, "content_type": 1, "object_id": "4", "object_repr": "Шримп Ролл", "action_flag": 2, "change_message": "[{\"changed\": {\"fields\": [\"\\u041e\\u043f\\u0438\\u0441\\u0430\\u043d\\u0438\\u0435\"]}}]"}}, {"model": "admin.logentry", "pk": 13, "fields": {"action_time": "2022-05-06T20:30:05.685Z", "user": 1, "content_type": 1, "object_id": "6", "object_repr": "Тройной Воппер", "action_flag": 1, "change_message": "[{\"added\": {}}]"}}, {"model": "admin.logentry", "pk": 14, "fields": {"action_time": "2022-05-06T20:36:20.286Z", "user": 1, "content_type": 2, "object_id": "3", "object_repr": "Star Burger Европейский", "action_flag": 2, "change_message": "[{\"added\": {\"name\": \"\\u043f\\u0443\\u043d\\u043a\\u0442 \\u043c\\u0435\\u043d\\u044e \\u0440\\u0435\\u0441\\u0442\\u043e\\u0440\\u0430\\u043d\\u0430\", \"object\": \"Star Burger \\u0415\\u0432\\u0440\\u043e\\u043f\\u0435\\u0439\\u0441\\u043a\\u0438\\u0439 - \\u0411\\u0435\\u043a\\u043e\\u043d\\u0430\\u0439\\u0437\\u0435\\u0440\"}}, {\"added\": {\"name\": \"\\u043f\\u0443\\u043d\\u043a\\u0442 \\u043c\\u0435\\u043d\\u044e \\u0440\\u0435\\u0441\\u0442\\u043e\\u0440\\u0430\\u043d\\u0430\", \"object\": \"Star Burger \\u0415\\u0432\\u0440\\u043e\\u043f\\u0435\\u0439\\u0441\\u043a\\u0438\\u0439 - \\u0424\\u0438\\u0448 \\u0420\\u043e\\u043b\\u043b\"}}, {\"added\": {\"name\": \"\\u043f\\u0443\\u043d\\u043a\\u0442 \\u043c\\u0435\\u043d\\u044e \\u0440\\u0435\\u0441\\u0442\\u043e\\u0440\\u0430\\u043d\\u0430\", \"object\": \"Star Burger \\u0415\\u0432\\u0440\\u043e\\u043f\\u0435\\u0439\\u0441\\u043a\\u0438\\u0439 - \\u041b\\u043e\\u043d\\u0433 \\u0427\\u0438\\u0437\\u0431\\u0443\\u0440\\u0433\\u0435\\u0440\"}}]"}}, {"model": "admin.logentry", "pk": 15, "fields": {"action_time": "2022-05-06T20:36:32.880Z", "user": 1, "content_type": 2, "object_id": "2", "object_repr": "Star Burger Цветной", "action_flag": 2, "change_message": "[{\"added\": {\"name\": \"\\u043f\\u0443\\u043d\\u043a\\u0442 \\u043c\\u0435\\u043d\\u044e \\u0440\\u0435\\u0441\\u0442\\u043e\\u0440\\u0430\\u043d\\u0430\", \"object\": \"Star Burger \\u0426\\u0432\\u0435\\u0442\\u043d\\u043e\\u0439 - \\u0428\\u0440\\u0438\\u043c\\u043f \\u0420\\u043e\\u043b\\u043b\"}}, {\"added\": {\"name\": \"\\u043f\\u0443\\u043d\\u043a\\u0442 \\u043c\\u0435\\u043d\\u044e \\u0440\\u0435\\u0441\\u0442\\u043e\\u0440\\u0430\\u043d\\u0430\", \"object\": \"Star Burger \\u0426\\u0432\\u0435\\u0442\\u043d\\u043e\\u0439 - \\u0421\\u0442\\u0435\\u0439\\u043a\\u0445\\u0430\\u0443\\u0441\"}}]"}}, {"model": "admin.logentry", "pk": 16, "fields": {"action_time": "2022-05-06T20:36:39.806Z", "user": 1, "content_type": 2, "object_id": "1", "object_repr": "Star Burger Арбат", "action_flag": 2, "change_message": "[{\"added\": {\"name\": \"\\u043f\\u0443\\u043d\\u043a\\u0442 \\u043c\\u0435\\u043d\\u044e \\u0440\\u0435\\u0441\\u0442\\u043e\\u0440\\u0430\\u043d\\u0430\", \"object\": \"Star Burger \\u0410\\u0440\\u0431\\u0430\\u0442 - \\u0422\\u0440\\u043e\\u0439\\u043d\\u043e\\u0439 \\u0412\\u043e\\u043f\\u043f\\u0435\\u0440\"}}]"}}, {"model": "admin.logentry", "pk": 17, "fields": {"action_time": "2022-05-11T16:41:31.712Z", "user": 1, "content_type": 2, "object_id": "2", "object_repr": "Star Burger Цветной", "action_flag": 2, "change_message": "[{\"added\": {\"name\": \"\\u043f\\u0443\\u043d\\u043a\\u0442 \\u043c\\u0435\\u043d\\u044e \\u0440\\u0435\\u0441\\u0442\\u043e\\u0440\\u0430\\u043d\\u0430\", \"object\": \"Star Burger \\u0426\\u0432\\u0435\\u0442\\u043d\\u043e\\u0439 - \\u041b\\u043e\\u043d\\u0433 \\u0427\\u0438\\u0437\\u0431\\u0443\\u0440\\u0433\\u0435\\u0440\"}}]"}}, {"model": "admin.logentry", "pk": 18, "fields": {"action_time": "2022-05-11T19:40:58.278Z", "user": 1, "content_type": 12, "object_id": "12", "object_repr": "Order object (12)", "action_flag": 3, "change_message": ""}}, {"model": "admin.logentry", "pk": 19, "fields": {"action_time": "2022-05-11T19:40:58.309Z", "user": 1, "content_type": 12, "object_id": "11", "object_repr": "Order object (11)", "action_flag": 3, "change_message": ""}}, {"model": "admin.logentry", "pk": 20, "fields": {"action_time": "2022-05-11T19:40:58.339Z", "user": 1, "content_type": 12, "object_id": "10", "object_repr": "Order object (10)", "action_flag": 3, "change_message": ""}}, {"model": "admin.logentry", "pk": 21, "fields": {"action_time": "2022-05-11T19:40:58.368Z", "user": 1, "content_type": 12, "object_id": "9", "object_repr": "Order object (9)", "action_flag": 3, "change_message": ""}}, {"model": "admin.logentry", "pk": 22, "fields": {"action_time": "2022-05-11T19:40:58.398Z", "user": 1, "content_type": 12, "object_id": "8", "object_repr": "Order object (8)", "action_flag": 3, "change_message": ""}}, {"model": "admin.logentry", "pk": 23, "fields": {"action_time": "2022-05-11T19:40:58.428Z", "user": 1, "content_type": 12, "object_id": "7", "object_repr": "Order object (7)", "action_flag": 3, "change_message": ""}}, {"model": "admin.logentry", "pk": 24, "fields": {"action_time": "2022-05-11T19:40:58.460Z", "user": 1, "content_type": 12, "object_id": "6", "object_repr": "Order object (6)", "action_flag": 3, "change_message": ""}}, {"model": "admin.logentry", "pk": 25, "fields": {"action_time": "2022-05-11T19:40:58.489Z", "user": 1, "content_type": 12, "object_id": "5", "object_repr": "Order object (5)", "action_flag": 3, "change_message": ""}}, {"model": "admin.logentry", "pk": 26, "fields": {"action_time": "2022-05-11T19:40:58.519Z", "user": 1, "content_type": 12, "object_id": "4", "object_repr": "Order object (4)", "action_flag": 3, "change_message": ""}}, {"model": "admin.logentry", "pk": 27, "fields": {"action_time": "2022-05-11T19:40:58.548Z", "user": 1, "content_type": 12, "object_id": "3", "object_repr": "Order object (3)", "action_flag": 3, "change_message": ""}}, {"model": "admin.logentry", "pk": 28, "fields": {"action_time": "2022-05-11T19:40:58.579Z", "user": 1, "content_type": 12, "object_id": "2", "object_repr": "Order object (2)", "action_flag": 3, "change_message": ""}}, {"model": "admin.logentry", "pk": 29, "fields": {"action_time": "2022-05-11T19:40:58.608Z", "user": 1, "content_type": 12, "object_id": "1", "object_repr": "Order object (1)", "action_flag": 3, "change_message": ""}}, {"model": "admin.logentry", "pk": 30, "fields": {"action_time": "2022-05-15T14:28:33.844Z", "user": 1, "content_type": 12, "object_id": "23", "object_repr": "23 TESTUS, ул. Пушкина, д. 5 ", "action_flag": 3, "change_message": ""}}, {"model": "admin.logentry", "pk": 31, "fields": {"action_time": "2022-05-15T14:28:33.876Z", "user": 1, "content_type": 12, "object_id": "22", "object_repr": "22 TESTUS, ул. Пушкина, д. 5 ", "action_flag": 3, "change_message": ""}}, {"model": "admin.logentry", "pk": 32, "fields": {"action_time": "2022-05-15T14:28:33.904Z", "user": 1, "content_type": 12, "object_id": "21", "object_repr": "21 TESTUS, ул. Пушкина, д. 5 ", "action_flag": 3, "change_message": ""}}, {"model": "admin.logentry", "pk": 33, "fields": {"action_time": "2022-05-15T14:28:33.937Z", "user": 1, "content_type": 12, "object_id": "20", "object_repr": "20 TESTUS, ул. Пушкина, д. 5 ", "action_flag": 3, "change_message": ""}}, {"model": "admin.logentry", "pk": 34, "fields": {"action_time": "2022-05-15T14:28:33.971Z", "user": 1, "content_type": 12, "object_id": "19", "object_repr": "19 TESTUS, Sovetskaya street, 14, 63, ", "action_flag": 3, "change_message": ""}}, {"model": "admin.logentry", "pk": 35, "fields": {"action_time": "2022-05-15T14:28:34.000Z", "user": 1, "content_type": 12, "object_id": "18", "object_repr": "18 ANTON, Sovetskaya street, 14, 63, ", "action_flag": 3, "change_message": ""}}, {"model": "admin.logentry", "pk": 36, "fields": {"action_time": "2022-05-15T14:28:34.027Z", "user": 1, "content_type": 12, "object_id": "17", "object_repr": "17 ANTON, Sovetskaya street, 14, 63, ", "action_flag": 3, "change_message": ""}}, {"model": "admin.logentry", "pk": 37, "fields": {"action_time": "2022-05-15T14:28:34.055Z", "user": 1, "content_type": 12, "object_id": "16", "object_repr": "16 ANTON, Sovetskaya street, 14, 63, ", "action_flag": 3, "change_message": ""}}, {"model": "admin.logentry", "pk": 38, "fields": {"action_time": "2022-05-15T14:28:34.085Z", "user": 1, "content_type": 12, "object_id": "15", "object_repr": "15 ANTON, Sovetskaya street, 14, 63, ", "action_flag": 3, "change_message": ""}}, {"model": "admin.logentry", "pk": 39, "fields": {"action_time": "2022-05-15T14:28:34.115Z", "user": 1, "content_type": 12, "object_id": "14", "object_repr": "14 ANTON, Sovetskaya street, 14, 63, ", "action_flag": 3, "change_message": ""}}, {"model": "admin.logentry", "pk": 40, "fields": {"action_time": "2022-05-15T14:28:34.142Z", "user": 1, "content_type": 12, "object_id": "13", "object_repr": "13 ANTON, Sovetskaya street, 14, 63, ", "action_flag": 3, "change_message": ""}}, {"model": "admin.logentry", "pk": 41, "fields": {"action_time": "2022-05-17T16:33:14.357Z", "user": 1, "content_type": 12, "object_id": "8", "object_repr": "8 ANTON, Sovetskaya street, 14, 63, ", "action_flag": 3, "change_message": ""}}, {"model": "admin.logentry", "pk": 42, "fields": {"action_time": "2022-05-17T16:33:14.393Z", "user": 1, "content_type": 12, "object_id": "7", "object_repr": "7 ANTON, Sovetskaya street, 14, 63, ", "action_flag": 3, "change_message": ""}}, {"model": "admin.logentry", "pk": 43, "fields": {"action_time": "2022-05-17T16:33:14.423Z", "user": 1, "content_type": 12, "object_id": "6", "object_repr": "6 TESTUS, ул. Пушкина, д. 5 ", "action_flag": 3, "change_message": ""}}, {"model": "admin.logentry", "pk": 44, "fields": {"action_time": "2022-05-17T16:33:14.453Z", "user": 1, "content_type": 12, "object_id": "5", "object_repr": "5 , ", "action_flag": 3, "change_message": ""}}, {"model": "admin.logentry", "pk": 45, "fields": {"action_time": "2022-05-17T16:33:14.482Z", "user": 1, "content_type": 12, "object_id": "4", "object_repr": "4 , ул. Пушкина, д. 5 ", "action_flag": 3, "change_message": ""}}, {"model": "admin.logentry", "pk": 46, "fields": {"action_time": "2022-05-17T16:33:14.509Z", "user": 1, "content_type": 12, "object_id": "3", "object_repr": "3 , ул. Пушкина, д. 5 ", "action_flag": 3, "change_message": ""}}, {"model": "admin.logentry", "pk": 47, "fields": {"action_time": "2022-05-17T16:33:14.545Z", "user": 1, "content_type": 12, "object_id": "2", "object_repr": "2 , ул. Пушкина, д. 5 ", "action_flag": 3, "change_message": ""}}, {"model": "admin.logentry", "pk": 48, "fields": {"action_time": "2022-05-17T16:33:14.571Z", "user": 1, "content_type": 12, "object_id": "1", "object_repr": "1 TESTUS, ул. Пушкина, д. 5 ", "action_flag": 3, "change_message": ""}}, {"model": "admin.logentry", "pk": 49, "fields": {"action_time": "2022-05-20T16:29:18.846Z", "user": 1, "content_type": 12, "object_id": "16", "object_repr": "16 Тимур, Москва, Новый Арбат 10", "action_flag": 3, "change_message": ""}}, {"model": "admin.logentry", "pk": 50, "fields": {"action_time": "2022-05-20T16:29:18.877Z", "user": 1, "content_type": 12, "object_id": "15", "object_repr": "15 Иван, Москва", "action_flag": 3, "change_message": ""}}, {"model": "admin.logentry", "pk": 51, "fields": {"action_time": "2022-05-20T16:29:18.906Z", "user": 1, "content_type": 12, "object_id": "14", "object_repr": "14 Иван, Москва", "action_flag": 3, "change_message": ""}}, {"model": "admin.logentry", "pk": 52, "fields": {"action_time": "2022-05-20T16:29:18.934Z", "user": 1, "content_type": 12, "object_id": "13", "object_repr": "13 Иван, Москва", "action_flag": 3, "change_message": ""}}, {"model": "admin.logentry", "pk": 53, "fields": {"action_time": "2022-05-20T16:29:18.962Z", "user": 1, "content_type": 12, "object_id": "12", "object_repr": "12 Иван, Москва", "action_flag": 3, "change_message": ""}}, {"model": "admin.logentry", "pk": 54, "fields": {"action_time": "2022-05-20T16:29:18.995Z", "user": 1, "content_type": 12, "object_id": "11", "object_repr": "11 ANTON, Sovetskaya street, 14, 63, ", "action_flag": 3, "change_message": ""}}, {"model": "admin.logentry", "pk": 55, "fields": {"action_time": "2022-05-20T16:29:19.022Z", "user": 1, "content_type": 12, "object_id": "10", "object_repr": "10 ANTON, Sovetskaya street, 14, 63, ", "action_flag": 3, "change_message": ""}}, {"model": "admin.logentry", "pk": 56, "fields": {"action_time": "2022-05-20T16:29:19.050Z", "user": 1, "content_type": 12, "object_id": "9", "object_repr": "9 ANTON, Sovetskaya street, 14, 63, ", "action_flag": 3, "change_message": ""}}, {"model": "admin.logentry", "pk": 57, "fields": {"action_time": "2022-05-26T17:19:08.886Z", "user": 1, "content_type": 12, "object_id": "54", "object_repr": "54 Василий, Лондон", "action_flag": 3, "change_message": ""}}, {"model": "admin.logentry", "pk": 58, "fields": {"action_time": "2022-05-26T17:19:08.923Z", "user": 1, "content_type": 12, "object_id": "53", "object_repr": "53 Василий, Лондон", "action_flag": 3, "change_message": ""}}, {"model": "admin.logentry", "pk": 59, "fields": {"action_time": "2022-05-26T17:19:08.951Z", "user": 1, "content_type": 12, "object_id": "52", "object_repr": "52 Василий, Лондон", "action_flag": 3, "change_message": ""}}, {"model": "admin.logentry", "pk": 60, "fields": {"action_time": "2022-05-26T17:19:08.979Z", "user": 1, "content_type": 12, "object_id": "51", "object_repr": "51 Василий, Лондон", "action_flag": 3, "change_message": ""}}, {"model": "admin.logentry", "pk": 61, "fields": {"action_time": "2022-05-26T17:19:09.005Z", "user": 1, "content_type": 12, "object_id": "50", "object_repr": "50 Василий, Лондон", "action_flag": 3, "change_message": ""}}, {"model": "admin.logentry", "pk": 62, "fields": {"action_time": "2022-05-26T17:19:09.034Z", "user": 1, "content_type": 12, "object_id": "49", "object_repr": "49 Василий, Лондон", "action_flag": 3, "change_message": ""}}, {"model": "admin.logentry", "pk": 63, "fields": {"action_time": "2022-05-26T17:19:09.061Z", "user": 1, "content_type": 12, "object_id": "48", "object_repr": "48 Василий, Лондон", "action_flag": 3, "change_message": ""}}, {"model": "admin.logentry", "pk": 64, "fields": {"action_time": "2022-05-26T17:19:09.089Z", "user": 1, "content_type": 12, "object_id": "47", "object_repr": "47 Василий, Лондон", "action_flag": 3, "change_message": ""}}, {"model": "admin.logentry", "pk": 65, "fields": {"action_time": "2022-05-26T17:19:09.117Z", "user": 1, "content_type": 12, "object_id": "46", "object_repr": "46 Василий, Лондон", "action_flag": 3, "change_message": ""}}, {"model": "admin.logentry", "pk": 66, "fields": {"action_time": "2022-05-26T17:19:09.144Z", "user": 1, "content_type": 12, "object_id": "45", "object_repr": "45 Василий, Лондон", "action_flag": 3, "change_message": ""}}, {"model": "admin.logentry", "pk": 67, "fields": {"action_time": "2022-05-26T17:19:09.171Z", "user": 1, "content_type": 12, "object_id": "44", "object_repr": "44 Василий, Лондон", "action_flag": 3, "change_message": ""}}, {"model": "admin.logentry", "pk": 68, "fields": {"action_time": "2022-05-26T17:19:09.201Z", "user": 1, "content_type": 12, "object_id": "43", "object_repr": "43 Василий, Лондон", "action_flag": 3, "change_message": ""}}, {"model": "admin.logentry", "pk": 69, "fields": {"action_time": "2022-05-26T17:19:09.228Z", "user": 1, "content_type": 12, "object_id": "42", "object_repr": "42 Василий, Лондон", "action_flag": 3, "change_message": ""}}, {"model": "admin.logentry", "pk": 70, "fields": {"action_time": "2022-05-26T17:19:09.255Z", "user": 1, "content_type": 12, "object_id": "41", "object_repr": "41 Василий, Лондон", "action_flag": 3, "change_message": ""}}, {"model": "admin.logentry", "pk": 71, "fields": {"action_time": "2022-05-26T17:19:09.285Z", "user": 1, "content_type": 12, "object_id": "40", "object_repr": "40 Василий, Лондон", "action_flag": 3, "change_message": ""}}, {"model": "admin.logentry", "pk": 72, "fields": {"action_time": "2022-05-26T17:19:09.315Z", "user": 1, "content_type": 12, "object_id": "39", "object_repr": "39 Василий, Лондон", "action_flag": 3, "change_message": ""}}, {"model": "admin.logentry", "pk": 73, "fields": {"action_time": "2022-05-26T17:19:09.341Z", "user": 1, "content_type": 12, "object_id": "38", "object_repr": "38 Василий, Лондон", "action_flag": 3, "change_message": ""}}, {"model": "admin.logentry", "pk": 74, "fields": {"action_time": "2022-05-26T17:19:09.368Z", "user": 1, "content_type": 12, "object_id": "37", "object_repr": "37 Василий, Лондон", "action_flag": 3, "change_message": ""}}, {"model": "admin.logentry", "pk": 75, "fields": {"action_time": "2022-05-26T17:19:09.395Z", "user": 1, "content_type": 12, "object_id": "36", "object_repr": "36 Василий, Лондон", "action_flag": 3, "change_message": ""}}, {"model": "admin.logentry", "pk": 76, "fields": {"action_time": "2022-05-26T17:19:09.421Z", "user": 1, "content_type": 12, "object_id": "35", "object_repr": "35 Василий, Лондон", "action_flag": 3, "change_message": ""}}, {"model": "admin.logentry", "pk": 77, "fields": {"action_time": "2022-05-26T17:19:09.448Z", "user": 1, "content_type": 12, "object_id": "33", "object_repr": "33 IVAN, Pushkina street, 12, 22,", "action_flag": 3, "change_message": ""}}, {"model": "admin.logentry", "pk": 78, "fields": {"action_time": "2022-05-26T17:19:09.475Z", "user": 1, "content_type": 12, "object_id": "32", "object_repr": "32 IVAN, Pushkina street, 12, 22,", "action_flag": 3, "change_message": ""}}, {"model": "admin.logentry", "pk": 79, "fields": {"action_time": "2022-05-26T17:19:09.502Z", "user": 1, "content_type": 12, "object_id": "31", "object_repr": "31 IVAN, Pushkina street, 12, 22,", "action_flag": 3, "change_message": ""}}, {"model": "admin.logentry", "pk": 80, "fields": {"action_time": "2022-05-26T17:19:09.530Z", "user": 1, "content_type": 12, "object_id": "30", "object_repr": "30 IVAN, Pushkina street, 12, 22,", "action_flag": 3, "change_message": ""}}, {"model": "admin.logentry", "pk": 81, "fields": {"action_time": "2022-05-26T17:19:09.557Z", "user": 1, "content_type": 12, "object_id": "29", "object_repr": "29 IVAN, Pushkina street, 12, 22,", "action_flag": 3, "change_message": ""}}, {"model": "admin.logentry", "pk": 82, "fields": {"action_time": "2022-05-26T17:19:09.584Z", "user": 1, "content_type": 12, "object_id": "28", "object_repr": "28 IVAN, Pushkina street, 12, 22,", "action_flag": 3, "change_message": ""}}, {"model": "admin.logentry", "pk": 83, "fields": {"action_time": "2022-05-26T17:19:09.611Z", "user": 1, "content_type": 12, "object_id": "27", "object_repr": "27 IVAN, Pushkina street, 12, 22,", "action_flag": 3, "change_message": ""}}, {"model": "admin.logentry", "pk": 84, "fields": {"action_time": "2022-05-26T17:19:09.639Z", "user": 1, "content_type": 12, "object_id": "26", "object_repr": "26 IVAN, Pushkina street, 12, 22,", "action_flag": 3, "change_message": ""}}, {"model": "admin.logentry", "pk": 85, "fields": {"action_time": "2022-05-26T17:19:09.668Z", "user": 1, "content_type": 12, "object_id": "25", "object_repr": "25 IVAN, Pushkina street, 12, 22,", "action_flag": 3, "change_message": ""}}, {"model": "admin.logentry", "pk": 86, "fields": {"action_time": "2022-05-26T17:19:09.697Z", "user": 1, "content_type": 12, "object_id": "24", "object_repr": "24 IVAN, Pushkina street, 12, 22,", "action_flag": 3, "change_message": ""}}, {"model": "admin.logentry", "pk": 87, "fields": {"action_time": "2022-05-26T17:19:09.725Z", "user": 1, "content_type": 12, "object_id": "23", "object_repr": "23 IVAN, Pushkina street, 12, 22,", "action_flag": 3, "change_message": ""}}, {"model": "admin.logentry", "pk": 88, "fields": {"action_time": "2022-05-26T17:19:09.754Z", "user": 1, "content_type": 12, "object_id": "22", "object_repr": "22 IVAN, Pushkina street, 12, 22, ", "action_flag": 3, "change_message": ""}}, {"model": "admin.logentry", "pk": 89, "fields": {"action_time": "2022-05-26T17:19:09.782Z", "user": 1, "content_type": 12, "object_id": "21", "object_repr": "21 ANTON, Sovetskaya street, 14, 63, ", "action_flag": 3, "change_message": ""}}, {"model": "admin.logentry", "pk": 90, "fields": {"action_time": "2022-05-26T17:19:09.809Z", "user": 1, "content_type": 12, "object_id": "20", "object_repr": "20 IVAN, Pushkina street, 12, 22, ", "action_flag": 3, "change_message": ""}}, {"model": "admin.logentry", "pk": 91, "fields": {"action_time": "2022-05-26T17:19:09.837Z", "user": 1, "content_type": 12, "object_id": "19", "object_repr": "19 IVAN, Pushkina street, 12, 22, ", "action_flag": 3, "change_message": ""}}, {"model": "admin.logentry", "pk": 92, "fields": {"action_time": "2022-05-26T17:19:09.864Z", "user": 1, "content_type": 12, "object_id": "18", "object_repr": "18 IVAN, Pushkina street, 12, 22, ", "action_flag": 3, "change_message": ""}}, {"model": "admin.logentry", "pk": 93, "fields": {"action_time": "2022-05-26T17:30:39.593Z", "user": 1, "content_type": 12, "object_id": "56", "object_repr": "56 ANTON, Sovetskaya street, 14, 63,", "action_flag": 2, "change_message": "[{\"added\": {\"name\": \"\\u041f\\u043e\\u0437\\u0438\\u0446\\u0438\\u0438 \\u0437\\u0430\\u043a\\u0430\\u0437\\u043e\\u0432\", \"object\": \"#56 order: \\u0421\\u0442\\u0435\\u0439\\u043a\\u0445\\u0430\\u0443\\u0441 \\u00d7 2\"}}]"}}, {"model": "admin.logentry", "pk": 94, "fields": {"action_time": "2022-05-27T18:48:10.967Z", "user": 1, "content_type": 12, "object_id": "57", "object_repr": "57 ANTON, Sovetskaya street, 14, 63,", "action_flag": 2, "change_message": "[{\"changed\": {\"name\": \"\\u041f\\u043e\\u0437\\u0438\\u0446\\u0438\\u0438 \\u0437\\u0430\\u043a\\u0430\\u0437\\u043e\\u0432\", \"object\": \"#57 order: \\u0424\\u0438\\u0448 \\u0420\\u043e\\u043b\\u043b \\u00d7 2\", \"fields\": [\"\\u0426\\u0435\\u043d\\u0430 \\u043d\\u0430 \\u043c\\u043e\\u043c\\u0435\\u043d\\u0442 \\u0437\\u0430\\u043a\\u0430\\u0437\\u0430\"]}}]"}}, {"model": "admin.logentry", "pk": 95, "fields": {"action_time": "2022-05-27T18:48:47.821Z", "user": 1, "content_type": 12, "object_id": "57", "object_repr": "57 ANTON, Sovetskaya street, 14, 63,", "action_flag": 2, "change_message": "[{\"changed\": {\"name\": \"\\u041f\\u043e\\u0437\\u0438\\u0446\\u0438\\u0438 \\u0437\\u0430\\u043a\\u0430\\u0437\\u043e\\u0432\", \"object\": \"#57 order: \\u0424\\u0438\\u0448 \\u0420\\u043e\\u043b\\u043b \\u00d7 2\", \"fields\": [\"\\u0426\\u0435\\u043d\\u0430 \\u043d\\u0430 \\u043c\\u043e\\u043c\\u0435\\u043d\\u0442 \\u0437\\u0430\\u043a\\u0430\\u0437\\u0430\"]}}]"}}, {"model": "admin.logentry", "pk": 96, "fields": {"action_time": "2022-05-27T18:50:48.865Z", "user": 1, "content_type": 12, "object_id": "57", "object_repr": "57 ANTON, Sovetskaya street, 14, 63,", "action_flag": 2, "change_message": "[{\"changed\": {\"name\": \"\\u041f\\u043e\\u0437\\u0438\\u0446\\u0438\\u0438 \\u0437\\u0430\\u043a\\u0430\\u0437\\u043e\\u0432\", \"object\": \"#57 order: \\u0424\\u0438\\u0448 \\u0420\\u043e\\u043b\\u043b \\u00d7 2\", \"fields\": [\"\\u0426\\u0435\\u043d\\u0430 \\u043d\\u0430 \\u043c\\u043e\\u043c\\u0435\\u043d\\u0442 \\u0437\\u0430\\u043a\\u0430\\u0437\\u0430\"]}}]"}}, {"model": "admin.logentry", "pk": 97, "fields": {"action_time": "2022-05-27T19:29:33.754Z", "user": 1, "content_type": 12, "object_id": "76", "object_repr": "76 IVAN, Pushkina street, 12, 22, ", "action_flag": 3, "change_message": ""}}, {"model": "admin.logentry", "pk": 98, "fields": {"action_time": "2022-05-27T19:29:33.784Z", "user": 1, "content_type": 12, "object_id": "75", "object_repr": "75 IVAN, Pushkina street, 12, 22, ", "action_flag": 3, "change_message": ""}}, {"model": "admin.logentry", "pk": 99, "fields": {"action_time": "2022-05-27T19:29:33.812Z", "user": 1, "content_type": 12, "object_id": "74", "object_repr": "74 IVAN, Pushkina street, 12, 22, ", "action_flag": 3, "change_message": ""}}, {"model": "admin.logentry", "pk": 100, "fields": {"action_time": "2022-05-27T19:29:33.839Z", "user": 1, "content_type": 12, "object_id": "73", "object_repr": "73 IVAN, Pushkina street, 12, 22, ", "action_flag": 3, "change_message": ""}}, {"model": "admin.logentry", "pk": 101, "fields": {"action_time": "2022-05-27T19:29:33.870Z", "user": 1, "content_type": 12, "object_id": "72", "object_repr": "72 IVAN, Pushkina street, 12, 22, ", "action_flag": 3, "change_message": ""}}, {"model": "admin.logentry", "pk": 102, "fields": {"action_time": "2022-05-27T19:29:33.904Z", "user": 1, "content_type": 12, "object_id": "71", "object_repr": "71 ANTON, Sovetskaya street, 14, 63,", "action_flag": 3, "change_message": ""}}, {"model": "admin.logentry", "pk": 103, "fields": {"action_time": "2022-05-27T19:29:33.940Z", "user": 1, "content_type": 12, "object_id": "70", "object_repr": "70 ANTON, Sovetskaya street, 14, 63,", "action_flag": 3, "change_message": ""}}, {"model": "admin.logentry", "pk": 104, "fields": {"action_time": "2022-05-27T19:29:33.975Z", "user": 1, "content_type": 12, "object_id": "69", "object_repr": "69 ANTON, Sovetskaya street, 14, 63,", "action_flag": 3, "change_message": ""}}, {"model": "admin.logentry", "pk": 105, "fields": {"action_time": "2022-05-27T19:29:34.004Z", "user": 1, "content_type": 12, "object_id": "68", "object_repr": "68 ANTON, Sovetskaya street, 14, 63,", "action_flag": 3, "change_message": ""}}, {"model": "admin.logentry", "pk": 106, "fields": {"action_time": "2022-05-27T19:29:34.033Z", "user": 1, "content_type": 12, "object_id": "67", "object_repr": "67 ANTON, Sovetskaya street, 14, 63,", "action_flag": 3, "change_message": ""}}, {"model": "admin.logentry", "pk": 107, "fields": {"action_time": "2022-05-27T19:29:34.061Z", "user": 1, "content_type": 12, "object_id": "66", "object_repr": "66 ANTON, Sovetskaya street, 14, 63,", "action_flag": 3, "change_message": ""}}, {"model": "admin.logentry", "pk": 108, "fields": {"action_time": "2022-05-27T19:29:34.091Z", "user": 1, "content_type": 12, "object_id": "65", "object_repr": "65 ANTON, Sovetskaya street, 14, 63,", "action_flag": 3, "change_message": ""}}, {"model": "admin.logentry", "pk": 109, "fields": {"action_time": "2022-05-27T19:29:34.121Z", "user": 1, "content_type": 12, "object_id": "64", "object_repr": "64 ANTON, Sovetskaya street, 14, 63,", "action_flag": 3, "change_message": ""}}, {"model": "admin.logentry", "pk": 110, "fields": {"action_time": "2022-05-27T19:29:34.149Z", "user": 1, "content_type": 12, "object_id": "63", "object_repr": "63 ANTON, Sovetskaya street, 14, 63,", "action_flag": 3, "change_message": ""}}, {"model": "admin.logentry", "pk": 111, "fields": {"action_time": "2022-05-27T19:29:34.177Z", "user": 1, "content_type": 12, "object_id": "62", "object_repr": "62 ANTON, Sovetskaya street, 14, 63,", "action_flag": 3, "change_message": ""}}, {"model": "admin.logentry", "pk": 112, "fields": {"action_time": "2022-05-27T19:29:34.205Z", "user": 1, "content_type": 12, "object_id": "61", "object_repr": "61 ANTON, Sovetskaya street, 14, 63,", "action_flag": 3, "change_message": ""}}, {"model": "admin.logentry", "pk": 113, "fields": {"action_time": "2022-05-27T19:29:34.233Z", "user": 1, "content_type": 12, "object_id": "60", "object_repr": "60 ANTON, Sovetskaya street, 14, 63,", "action_flag": 3, "change_message": ""}}, {"model": "admin.logentry", "pk": 114, "fields": {"action_time": "2022-05-27T19:29:34.261Z", "user": 1, "content_type": 12, "object_id": "59", "object_repr": "59 ANTON, Sovetskaya street, 14, 63,", "action_flag": 3, "change_message": ""}}, {"model": "admin.logentry", "pk": 115, "fields": {"action_time": "2022-05-27T19:29:34.288Z", "user": 1, "content_type": 12, "object_id": "58", "object_repr": "58 ANTON, Sovetskaya street, 14, 63,", "action_flag": 3, "change_message": ""}}, {"model": "admin.logentry", "pk": 116, "fields": {"action_time": "2022-05-28T16:47:44.627Z", "user": 1, "content_type": 12, "object_id": "97", "object_repr": "97 ANTON, Sovetskaya street, 14, 63,1", "action_flag": 2, "change_message": "[{\"changed\": {\"fields\": [\"\\u0410\\u0434\\u0440\\u0435\\u0441\"]}}]"}}, {"model": "admin.logentry", "pk": 117, "fields": {"action_time": "2022-05-28T17:30:42.536Z", "user": 1, "content_type": 12, "object_id": "97", "object_repr": "97 ANTON, Sovetskaya street, 14, 63,1", "action_flag": 2, "change_message": "[]"}}, {"model": "admin.logentry", "pk": 118, "fields": {"action_time": "2022-05-28T18:03:55.525Z", "user": 1, "content_type": 12, "object_id": "97", "object_repr": "97 ANTON, Sovetskaya street, 14, 63,1", "action_flag": 2, "change_message": "[]"}}, {"model": "admin.logentry", "pk": 119, "fields": {"action_time": "2022-05-28T18:04:51.892Z", "user": 1, "content_type": 12, "object_id": "97", "object_repr": "97 ANTON, Sovetskaya street, 14, 63,1", "action_flag": 2, "change_message": "[]"}}, {"model": "admin.logentry", "pk": 120, "fields": {"action_time": "2022-05-28T18:06:50.313Z", "user": 1, "content_type": 12, "object_id": "97", "object_repr": "97 ANTON, Sovetskaya street, 14, 63,1", "action_flag": 2, "change_message": "[]"}}, {"model": "admin.logentry", "pk": 121, "fields": {"action_time": "2022-05-28T18:07:05.681Z", "user": 1, "content_type": 12, "object_id": "97", "object_repr": "97 ANTON, Sovetskaya street, 14, 63,11", "action_flag": 2, "change_message": "[{\"changed\": {\"fields\": [\"\\u0410\\u0434\\u0440\\u0435\\u0441\"]}}]"}}, {"model": "admin.logentry", "pk": 122, "fields": {"action_time": "2022-05-28T18:14:06.377Z", "user": 1, "content_type": 12, "object_id": "97", "object_repr": "97 ANTON, Sovetskaya street, 14, 63,11", "action_flag": 2, "change_message": "[]"}}, {"model": "admin.logentry", "pk": 123, "fields": {"action_time": "2022-05-28T19:42:19.166Z", "user": 1, "content_type": 12, "object_id": "97", "object_repr": "97 ANTON, Sovetskaya street, 14, 63,11", "action_flag": 2, "change_message": "[{\"changed\": {\"name\": \"\\u041f\\u043e\\u0437\\u0438\\u0446\\u0438\\u0438 \\u0437\\u0430\\u043a\\u0430\\u0437\\u043e\\u0432\", \"object\": \"#97 order: \\u0428\\u0440\\u0438\\u043c\\u043f \\u0420\\u043e\\u043b\\u043b \\u00d7 3\", \"fields\": [\"\\u041a\\u043e\\u043b\\u0438\\u0447\\u0435\\u0441\\u0442\\u0432\\u043e \\u0442\\u043e\\u0432\\u0430\\u0440\\u0430\"]}}]"}}, {"model": "admin.logentry", "pk": 124, "fields": {"action_time": "2022-05-29T10:57:40.461Z", "user": 1, "content_type": 12, "object_id": "97", "object_repr": "97 ANTON, Sovetskaya street, 14, 63,11", "action_flag": 2, "change_message": "[{\"changed\": {\"fields\": [\"\\u0421\\u0442\\u0430\\u0442\\u0443\\u0441 \\u0437\\u0430\\u043a\\u0430\\u0437\\u0430\"]}}]"}}, {"model": "admin.logentry", "pk": 125, "fields": {"action_time": "2022-05-29T10:57:54.329Z", "user": 1, "content_type": 12, "object_id": "96", "object_repr": "96 ANTON, Sovetskaya street, 14, 63,", "action_flag": 2, "change_message": "[{\"changed\": {\"fields\": [\"\\u0421\\u0442\\u0430\\u0442\\u0443\\u0441 \\u0437\\u0430\\u043a\\u0430\\u0437\\u0430\"]}}]"}}, {"model": "admin.logentry", "pk": 126, "fields": {"action_time": "2022-05-29T10:58:01.036Z", "user": 1, "content_type": 12, "object_id": "95", "object_repr": "95 ANTON, Sovetskaya street, 14, 63,", "action_flag": 2, "change_message": "[{\"changed\": {\"fields\": [\"\\u0421\\u0442\\u0430\\u0442\\u0443\\u0441 \\u0437\\u0430\\u043a\\u0430\\u0437\\u0430\"]}}]"}}, {"model": "admin.logentry", "pk": 127, "fields": {"action_time": "2022-05-29T10:58:42.507Z", "user": 1, "content_type": 12, "object_id": "94", "object_repr": "94 ANTON, Sovetskaya street, 14, 63,", "action_flag": 2, "change_message": "[]"}}, {"model": "admin.logentry", "pk": 128, "fields": {"action_time": "2022-05-29T11:02:59.788Z", "user": 1, "content_type": 12, "object_id": "96", "object_repr": "96 ANTON, Sovetskaya street, 14, 63,", "action_flag": 2, "change_message": "[{\"changed\": {\"fields\": [\"\\u041a\\u043e\\u043c\\u043c\\u0435\\u043d\\u0442\\u0430\\u0440\\u0438\\u0439\"]}}]"}}, {"model": "admin.logentry", "pk": 129, "fields": {"action_time": "2022-05-29T11:22:10.541Z", "user": 1, "content_type": 12, "object_id": "97", "object_repr": "97 ANTON, Sovetskaya street, 14, 63,11", "action_flag": 2, "change_message": "[{\"changed\": {\"fields\": [\"\\u041f\\u043e\\u0437\\u0432\\u043e\\u043d\\u0438\\u043b\\u0438\"]}}]"}}, {"model": "admin.logentry", "pk": 130, "fields": {"action_time": "2022-05-29T11:23:01.389Z", "user": 1, "content_type": 12, "object_id": "96", "object_repr": "96 ANTON, Sovetskaya street, 14, 63,", "action_flag": 2, "change_message": "[{\"changed\": {\"fields\": [\"\\u041f\\u043e\\u0437\\u0432\\u043e\\u043d\\u0438\\u043b\\u0438\"]}}]"}}, {"model": "admin.logentry", "pk": 131, "fields": {"action_time": "2022-05-29T12:03:14.250Z", "user": 1, "content_type": 12, "object_id": "96", "object_repr": "96 ANTON, Sovetskaya street, 14, 63,", "action_flag": 2, "change_message": "[{\"changed\": {\"fields\": [\"\\u0421\\u043f\\u043e\\u0441\\u043e\\u0431 \\u043e\\u043f\\u043b\\u0430\\u0442\\u044b\"]}}]"}}, {"model": "admin.logentry", "pk": 132, "fields": {"action_time": "2022-05-29T12:03:24.723Z", "user": 1, "content_type": 12, "object_id": "94", "object_repr": "94 ANTON, Sovetskaya street, 14, 63,", "action_flag": 2, "change_message": "[{\"changed\": {\"fields\": [\"\\u0421\\u043f\\u043e\\u0441\\u043e\\u0431 \\u043e\\u043f\\u043b\\u0430\\u0442\\u044b\"]}}]"}}, {"model": "admin.logentry", "pk": 133, "fields": {"action_time": "2022-05-30T12:58:13.468Z", "user": 1, "content_type": 12, "object_id": "94", "object_repr": "94 ANTON, Sovetskaya street, 14, 63,", "action_flag": 2, "change_message": "[{\"changed\": {\"fields\": [\"\\u0421\\u043f\\u043e\\u0441\\u043e\\u0431 \\u043e\\u043f\\u043b\\u0430\\u0442\\u044b\"]}}]"}}, {"model": "admin.logentry", "pk": 134, "fields": {"action_time": "2022-05-30T13:02:48.705Z", "user": 1, "content_type": 12, "object_id": "96", "object_repr": "96 ANTON, Sovetskaya street, 14, 63,", "action_flag": 2, "change_message": "[{\"changed\": {\"fields\": [\"\\u0421\\u043f\\u043e\\u0441\\u043e\\u0431 \\u043e\\u043f\\u043b\\u0430\\u0442\\u044b\"]}}]"}}, {"model": "admin.logentry", "pk": 135, "fields": {"action_time": "2022-05-30T13:07:53.840Z", "user": 1, "content_type": 12, "object_id": "96", "object_repr": "96 ANTON, Sovetskaya street, 14, 63,", "action_flag": 2, "change_message": "[]"}}, {"model": "admin.logentry", "pk": 136, "fields": {"action_time": "2022-05-30T13:08:19.706Z", "user": 1, "content_type": 12, "object_id": "95", "object_repr": "95 ANTON, Sovetskaya street, 14, 63,", "action_flag": 2, "change_message": "[{\"changed\": {\"fields\": [\"\\u0421\\u043f\\u043e\\u0441\\u043e\\u0431 \\u043e\\u043f\\u043b\\u0430\\u0442\\u044b\"]}}]"}}, {"model": "admin.logentry", "pk": 137, "fields": {"action_time": "2022-05-30T13:08:59.077Z", "user": 1, "content_type": 12, "object_id": "98", "object_repr": "98 ANTON, Sovetskaya street, 14, 63,", "action_flag": 2, "change_message": "[{\"changed\": {\"fields\": [\"\\u0421\\u043f\\u043e\\u0441\\u043e\\u0431 \\u043e\\u043f\\u043b\\u0430\\u0442\\u044b\"]}}]"}}, {"model": "admin.logentry", "pk": 138, "fields": {"action_time": "2022-05-30T13:09:54.624Z", "user": 1, "content_type": 12, "object_id": "99", "object_repr": "99 Антон, Советская 14-63", "action_flag": 2, "change_message": "[{\"changed\": {\"fields\": [\"\\u0421\\u043f\\u043e\\u0441\\u043e\\u0431 \\u043e\\u043f\\u043b\\u0430\\u0442\\u044b\"]}}]"}}, {"model": "admin.logentry", "pk": 139, "fields": {"action_time": "2022-05-30T13:22:23.184Z", "user": 1, "content_type": 12, "object_id": "104", "object_repr": "104 ANTON, Sovetskaya street, 14, 63,", "action_flag": 2, "change_message": "[{\"changed\": {\"fields\": [\"\\u0421\\u043f\\u043e\\u0441\\u043e\\u0431 \\u043e\\u043f\\u043b\\u0430\\u0442\\u044b\"]}}]"}}, {"model": "admin.logentry", "pk": 140, "fields": {"action_time": "2022-05-30T15:59:25.339Z", "user": 1, "content_type": 2, "object_id": "2", "object_repr": "Star Burger Цветной", "action_flag": 2, "change_message": "[{\"added\": {\"name\": \"\\u043f\\u0443\\u043d\\u043a\\u0442 \\u043c\\u0435\\u043d\\u044e \\u0440\\u0435\\u0441\\u0442\\u043e\\u0440\\u0430\\u043d\\u0430\", \"object\": \"Star Burger \\u0426\\u0432\\u0435\\u0442\\u043d\\u043e\\u0439 - \\u0411\\u0435\\u043a\\u043e\\u043d\\u0430\\u0439\\u0437\\u0435\\u0440\"}}, {\"added\": {\"name\": \"\\u043f\\u0443\\u043d\\u043a\\u0442 \\u043c\\u0435\\u043d\\u044e \\u0440\\u0435\\u0441\\u0442\\u043e\\u0440\\u0430\\u043d\\u0430\", \"object\": \"Star Burger \\u0426\\u0432\\u0435\\u0442\\u043d\\u043e\\u0439 - \\u0424\\u0438\\u0448 \\u0420\\u043e\\u043b\\u043b\"}}]"}}, {"model": "admin.logentry", "pk": 141, "fields": {"action_time": "2022-05-30T15:59:31.321Z", "user": 1, "content_type": 2, "object_id": "2", "object_repr": "Star Burger Цветной", "action_flag": 2, "change_message": "[]"}}, {"model": "admin.logentry", "pk": 142, "fields": {"action_time": "2022-05-30T17:17:22.300Z", "user": 1, "content_type": 12, "object_id": "106", "object_repr": "106 ANTON, Sovetskaya street, 14, 63,", "action_flag": 2, "change_message": "[{\"changed\": {\"fields\": [\"\\u0420\\u0435\\u0441\\u0442\\u043e\\u0440\\u0430\\u043d \\u0434\\u043b\\u044f \\u0433\\u043e\\u0442\\u043e\\u0432\\u043a\\u0438\"]}}]"}}, {"model": "admin.logentry", "pk": 143, "fields": {"action_time": "2022-05-30T17:17:38.583Z", "user": 1, "content_type": 12, "object_id": "106", "object_repr": "106 ANTON, Sovetskaya street, 14, 63,", "action_flag": 2, "change_message": "[{\"changed\": {\"fields\": [\"\\u0420\\u0435\\u0441\\u0442\\u043e\\u0440\\u0430\\u043d \\u0434\\u043b\\u044f \\u0433\\u043e\\u0442\\u043e\\u0432\\u043a\\u0438\"]}}]"}}, {"model": "admin.logentry", "pk": 144, "fields": {"action_time": "2022-05-30T17:24:48.744Z", "user": 1, "content_type": 12, "object_id": "106", "object_repr": "106 ANTON, Sovetskaya street, 14, 63,", "action_flag": 2, "change_message": "[{\"changed\": {\"fields\": [\"\\u0420\\u0435\\u0441\\u0442\\u043e\\u0440\\u0430\\u043d \\u0434\\u043b\\u044f \\u0433\\u043e\\u0442\\u043e\\u0432\\u043a\\u0438\"]}}]"}}, {"model": "admin.logentry", "pk": 145, "fields": {"action_time": "2022-05-30T17:26:09.953Z", "user": 1, "content_type": 12, "object_id": "106", "object_repr": "106 ANTON, Sovetskaya street, 14, 63,", "action_flag": 2, "change_message": "[{\"changed\": {\"fields\": [\"\\u0420\\u0435\\u0441\\u0442\\u043e\\u0440\\u0430\\u043d \\u0434\\u043b\\u044f \\u0433\\u043e\\u0442\\u043e\\u0432\\u043a\\u0438\"]}}]"}}, {"model": "admin.logentry", "pk": 146, "fields": {"action_time": "2022-05-30T17:27:31.588Z", "user": 1, "content_type": 12, "object_id": "105", "object_repr": "105 Иваныч, Sovetskaya street, 14, 63,", "action_flag": 2, "change_message": "[{\"changed\": {\"fields\": [\"\\u0420\\u0435\\u0441\\u0442\\u043e\\u0440\\u0430\\u043d \\u0434\\u043b\\u044f \\u0433\\u043e\\u0442\\u043e\\u0432\\u043a\\u0438\"]}}]"}}, {"model": "admin.logentry", "pk": 147, "fields": {"action_time": "2022-05-30T20:00:44.984Z", "user": 1, "content_type": 12, "object_id": "17", "object_repr": "17 ANTON, Внуково", "action_flag": 2, "change_message": "[{\"changed\": {\"fields\": [\"\\u0410\\u0434\\u0440\\u0435\\u0441\"]}}]"}}, {"model": "admin.logentry", "pk": 148, "fields": {"action_time": "2022-05-30T20:01:05.101Z", "user": 1, "content_type": 12, "object_id": "102", "object_repr": "102 Антон, Советская 14-63", "action_flag": 3, "change_message": ""}}, {"model": "admin.logentry", "pk": 149, "fields": {"action_time": "2022-05-30T20:01:05.141Z", "user": 1, "content_type": 12, "object_id": "101", "object_repr": "101 ANTON, Sovetskaya street, 14, 63,", "action_flag": 3, "change_message": ""}}, {"model": "admin.logentry", "pk": 150, "fields": {"action_time": "2022-05-30T20:01:05.200Z", "user": 1, "content_type": 12, "object_id": "100", "object_repr": "100 ANTON, Sovetskaya street, 14, 63,", "action_flag": 3, "change_message": ""}}, {"model": "admin.logentry", "pk": 151, "fields": {"action_time": "2022-05-30T20:01:05.248Z", "user": 1, "content_type": 12, "object_id": "99", "object_repr": "99 Антон, Советская 14-63", "action_flag": 3, "change_message": ""}}, {"model": "admin.logentry", "pk": 152, "fields": {"action_time": "2022-05-30T20:01:05.298Z", "user": 1, "content_type": 12, "object_id": "98", "object_repr": "98 ANTON, Sovetskaya street, 14, 63,", "action_flag": 3, "change_message": ""}}, {"model": "admin.logentry", "pk": 153, "fields": {"action_time": "2022-05-30T20:01:05.344Z", "user": 1, "content_type": 12, "object_id": "97", "object_repr": "97 ANTON, Sovetskaya street, 14, 63,11", "action_flag": 3, "change_message": ""}}, {"model": "admin.logentry", "pk": 154, "fields": {"action_time": "2022-05-30T20:01:05.390Z", "user": 1, "content_type": 12, "object_id": "96", "object_repr": "96 ANTON, Sovetskaya street, 14, 63,", "action_flag": 3, "change_message": ""}}, {"model": "admin.logentry", "pk": 155, "fields": {"action_time": "2022-05-30T20:01:05.439Z", "user": 1, "content_type": 12, "object_id": "95", "object_repr": "95 ANTON, Sovetskaya street, 14, 63,", "action_flag": 3, "change_message": ""}}, {"model": "admin.logentry", "pk": 156, "fields": {"action_time": "2022-05-30T20:01:05.484Z", "user": 1, "content_type": 12, "object_id": "94", "object_repr": "94 ANTON, Sovetskaya street, 14, 63,", "action_flag": 3, "change_message": ""}}, {"model": "admin.logentry", "pk": 157, "fields": {"action_time": "2022-05-30T20:01:05.533Z", "user": 1, "content_type": 12, "object_id": "93", "object_repr": "93 ANTON, Sovetskaya street, 14, 63,", "action_flag": 3, "change_message": ""}}, {"model": "admin.logentry", "pk": 158, "fields": {"action_time": "2022-05-30T20:01:05.581Z", "user": 1, "content_type": 12, "object_id": "92", "object_repr": "92 ANTON, Sovetskaya street, 14, 63,", "action_flag": 3, "change_message": ""}}, {"model": "admin.logentry", "pk": 159, "fields": {"action_time": "2022-05-30T20:01:05.628Z", "user": 1, "content_type": 12, "object_id": "91", "object_repr": "91 ANTON, Sovetskaya street, 14, 63,", "action_flag": 3, "change_message": ""}}, {"model": "admin.logentry", "pk": 160, "fields": {"action_time": "2022-05-30T20:01:05.677Z", "user": 1, "content_type": 12, "object_id": "90", "object_repr": "90 ANTON, Sovetskaya street, 14, 63,", "action_flag": 3, "change_message": ""}}, {"model": "admin.logentry", "pk": 161, "fields": {"action_time": "2022-05-30T20:01:05.727Z", "user": 1, "content_type": 12, "object_id": "88", "object_repr": "88 Антон, Советская 14-63", "action_flag": 3, "change_message": ""}}, {"model": "admin.logentry", "pk": 162, "fields": {"action_time": "2022-05-30T20:01:05.776Z", "user": 1, "content_type": 12, "object_id": "87", "object_repr": "87 Антон, Советская 14-63", "action_flag": 3, "change_message": ""}}, {"model": "admin.logentry", "pk": 163, "fields": {"action_time": "2022-05-30T20:01:05.844Z", "user": 1, "content_type": 12, "object_id": "86", "object_repr": "86 Антон, Советская 14-63", "action_flag": 3, "change_message": ""}}, {"model": "admin.logentry", "pk": 164, "fields": {"action_time": "2022-05-30T20:01:05.901Z", "user": 1, "content_type": 12, "object_id": "84", "object_repr": "84 ANTON, Sovetskaya street, 14, 63,", "action_flag": 3, "change_message": ""}}, {"model": "admin.logentry", "pk": 165, "fields": {"action_time": "2022-05-30T20:01:05.951Z", "user": 1, "content_type": 12, "object_id": "83", "object_repr": "83 ANTON, Sovetskaya street, 14, 63,", "action_flag": 3, "change_message": ""}}, {"model": "admin.logentry", "pk": 166, "fields": {"action_time": "2022-05-30T20:01:06.011Z", "user": 1, "content_type": 12, "object_id": "81", "object_repr": "81 ANTON, Sovetskaya street, 14, 63,", "action_flag": 3, "change_message": ""}}, {"model": "admin.logentry", "pk": 167, "fields": {"action_time": "2022-05-30T20:01:06.069Z", "user": 1, "content_type": 12, "object_id": "80", "object_repr": "80 ANTON, Sovetskaya street, 14, 63,", "action_flag": 3, "change_message": ""}}, {"model": "admin.logentry", "pk": 168, "fields": {"action_time": "2022-05-30T20:01:06.125Z", "user": 1, "content_type": 12, "object_id": "79", "object_repr": "79 ANTON, Sovetskaya street, 14, 63,", "action_flag": 3, "change_message": ""}}, {"model": "admin.logentry", "pk": 169, "fields": {"action_time": "2022-05-30T20:01:06.175Z", "user": 1, "content_type": 12, "object_id": "78", "object_repr": "78 ANTON, Sovetskaya street, 14, 63,", "action_flag": 3, "change_message": ""}}, {"model": "admin.logentry", "pk": 170, "fields": {"action_time": "2022-05-30T20:01:06.230Z", "user": 1, "content_type": 12, "object_id": "77", "object_repr": "77 ANTON, Sovetskaya street, 14, 63,", "action_flag": 3, "change_message": ""}}, {"model": "admin.logentry", "pk": 171, "fields": {"action_time": "2022-05-30T20:01:06.278Z", "user": 1, "content_type": 12, "object_id": "57", "object_repr": "57 ANTON, Sovetskaya street, 14, 63,", "action_flag": 3, "change_message": ""}}, {"model": "admin.logentry", "pk": 172, "fields": {"action_time": "2022-05-30T20:01:06.323Z", "user": 1, "content_type": 12, "object_id": "56", "object_repr": "56 ANTON, Sovetskaya street, 14, 63,", "action_flag": 3, "change_message": ""}}, {"model": "admin.logentry", "pk": 173, "fields": {"action_time": "2022-05-30T20:01:06.373Z", "user": 1, "content_type": 12, "object_id": "55", "object_repr": "55 Василий, Лондон", "action_flag": 3, "change_message": ""}}, {"model": "admin.logentry", "pk": 174, "fields": {"action_time": "2022-05-30T20:01:06.421Z", "user": 1, "content_type": 12, "object_id": "34", "object_repr": "34 IVAN, Pushkina street, 12, 22,", "action_flag": 3, "change_message": ""}}, {"model": "admin.logentry", "pk": 175, "fields": {"action_time": "2022-05-30T20:01:07.305Z", "user": 1, "content_type": 12, "object_id": "102", "object_repr": "102 Антон, Советская 14-63", "action_flag": 3, "change_message": ""}}, {"model": "admin.logentry", "pk": 176, "fields": {"action_time": "2022-05-30T20:01:07.348Z", "user": 1, "content_type": 12, "object_id": "101", "object_repr": "101 ANTON, Sovetskaya street, 14, 63,", "action_flag": 3, "change_message": ""}}, {"model": "admin.logentry", "pk": 177, "fields": {"action_time": "2022-05-30T20:01:07.385Z", "user": 1, "content_type": 12, "object_id": "100", "object_repr": "100 ANTON, Sovetskaya street, 14, 63,", "action_flag": 3, "change_message": ""}}, {"model": "admin.logentry", "pk": 178, "fields": {"action_time": "2022-05-30T20:01:07.413Z", "user": 1, "content_type": 12, "object_id": "99", "object_repr": "99 Антон, Советская 14-63", "action_flag": 3, "change_message": ""}}, {"model": "admin.logentry", "pk": 179, "fields": {"action_time": "2022-05-30T20:01:07.441Z", "user": 1, "content_type": 12, "object_id": "98", "object_repr": "98 ANTON, Sovetskaya street, 14, 63,", "action_flag": 3, "change_message": ""}}, {"model": "admin.logentry", "pk": 180, "fields": {"action_time": "2022-05-30T20:01:07.469Z", "user": 1, "content_type": 12, "object_id": "97", "object_repr": "97 ANTON, Sovetskaya street, 14, 63,11", "action_flag": 3, "change_message": ""}}, {"model": "admin.logentry", "pk": 181, "fields": {"action_time": "2022-05-30T20:01:07.499Z", "user": 1, "content_type": 12, "object_id": "96", "object_repr": "96 ANTON, Sovetskaya street, 14, 63,", "action_flag": 3, "change_message": ""}}, {"model": "admin.logentry", "pk": 182, "fields": {"action_time": "2022-05-30T20:01:07.527Z", "user": 1, "content_type": 12, "object_id": "95", "object_repr": "95 ANTON, Sovetskaya street, 14, 63,", "action_flag": 3, "change_message": ""}}, {"model": "admin.logentry", "pk": 183, "fields": {"action_time": "2022-05-30T20:01:07.555Z", "user": 1, "content_type": 12, "object_id": "94", "object_repr": "94 ANTON, Sovetskaya street, 14, 63,", "action_flag": 3, "change_message": ""}}, {"model": "admin.logentry", "pk": 184, "fields": {"action_time": "2022-05-30T20:01:07.583Z", "user": 1, "content_type": 12, "object_id": "93", "object_repr": "93 ANTON, Sovetskaya street, 14, 63,", "action_flag": 3, "change_message": ""}}, {"model": "admin.logentry", "pk": 185, "fields": {"action_time": "2022-05-30T20:01:07.611Z", "user": 1, "content_type": 12, "object_id": "92", "object_repr": "92 ANTON, Sovetskaya street, 14, 63,", "action_flag": 3, "change_message": ""}}, {"model": "admin.logentry", "pk": 186, "fields": {"action_time": "2022-05-30T20:01:07.638Z", "user": 1, "content_type": 12, "object_id": "91", "object_repr": "91 ANTON, Sovetskaya street, 14, 63,", "action_flag": 3, "change_message": ""}}, {"model": "admin.logentry", "pk": 187, "fields": {"action_time": "2022-05-30T20:01:07.666Z", "user": 1, "content_type": 12, "object_id": "90", "object_repr": "90 ANTON, Sovetskaya street, 14, 63,", "action_flag": 3, "change_message": ""}}, {"model": "admin.logentry", "pk": 188, "fields": {"action_time": "2022-05-30T20:01:07.693Z", "user": 1, "content_type": 12, "object_id": "88", "object_repr": "88 Антон, Советская 14-63", "action_flag": 3, "change_message": ""}}, {"model": "admin.logentry", "pk": 189, "fields": {"action_time": "2022-05-30T20:01:07.720Z", "user": 1, "content_type": 12, "object_id": "87", "object_repr": "87 Антон, Советская 14-63", "action_flag": 3, "change_message": ""}}, {"model": "admin.logentry", "pk": 190, "fields": {"action_time": "2022-05-30T20:01:07.747Z", "user": 1, "content_type": 12, "object_id": "86", "object_repr": "86 Антон, Советская 14-63", "action_flag": 3, "change_message": ""}}, {"model": "admin.logentry", "pk": 191, "fields": {"action_time": "2022-05-30T20:01:07.773Z", "user": 1, "content_type": 12, "object_id": "84", "object_repr": "84 ANTON, Sovetskaya street, 14, 63,", "action_flag": 3, "change_message": ""}}, {"model": "admin.logentry", "pk": 192, "fields": {"action_time": "2022-05-30T20:01:07.802Z", "user": 1, "content_type": 12, "object_id": "83", "object_repr": "83 ANTON, Sovetskaya street, 14, 63,", "action_flag": 3, "change_message": ""}}, {"model": "admin.logentry", "pk": 193, "fields": {"action_time": "2022-05-30T20:01:07.832Z", "user": 1, "content_type": 12, "object_id": "81", "object_repr": "81 ANTON, Sovetskaya street, 14, 63,", "action_flag": 3, "change_message": ""}}, {"model": "admin.logentry", "pk": 194, "fields": {"action_time": "2022-05-30T20:01:07.866Z", "user": 1, "content_type": 12, "object_id": "80", "object_repr": "80 ANTON, Sovetskaya street, 14, 63,", "action_flag": 3, "change_message": ""}}, {"model": "admin.logentry", "pk": 195, "fields": {"action_time": "2022-05-30T20:01:07.895Z", "user": 1, "content_type": 12, "object_id": "79", "object_repr": "79 ANTON, Sovetskaya street, 14, 63,", "action_flag": 3, "change_message": ""}}, {"model": "admin.logentry", "pk": 196, "fields": {"action_time": "2022-05-30T20:01:07.925Z", "user": 1, "content_type": 12, "object_id": "78", "object_repr": "78 ANTON, Sovetskaya street, 14, 63,", "action_flag": 3, "change_message": ""}}, {"model": "admin.logentry", "pk": 197, "fields": {"action_time": "2022-05-30T20:01:07.954Z", "user": 1, "content_type": 12, "object_id": "77", "object_repr": "77 ANTON, Sovetskaya street, 14, 63,", "action_flag": 3, "change_message": ""}}, {"model": "admin.logentry", "pk": 198, "fields": {"action_time": "2022-05-30T20:01:07.983Z", "user": 1, "content_type": 12, "object_id": "57", "object_repr": "57 ANTON, Sovetskaya street, 14, 63,", "action_flag": 3, "change_message": ""}}, {"model": "admin.logentry", "pk": 199, "fields": {"action_time": "2022-05-30T20:01:08.011Z", "user": 1, "content_type": 12, "object_id": "56", "object_repr": "56 ANTON, Sovetskaya street, 14, 63,", "action_flag": 3, "change_message": ""}}, {"model": "admin.logentry", "pk": 200, "fields": {"action_time": "2022-05-30T20:01:08.039Z", "user": 1, "content_type": 12, "object_id": "55", "object_repr": "55 Василий, Лондон", "action_flag": 3, "change_message": ""}}, {"model": "admin.logentry", "pk": 201, "fields": {"action_time": "2022-05-30T20:01:08.067Z", "user": 1, "content_type": 12, "object_id": "34", "object_repr": "34 IVAN, Pushkina street, 12, 22,", "action_flag": 3, "change_message": ""}}, {"model": "admin.logentry", "pk": 202, "fields": {"action_time": "2022-05-30T20:01:33.527Z", "user": 1, "content_type": 12, "object_id": "82", "object_repr": "82 ANTON, Домодедово", "action_flag": 2, "change_message": "[{\"changed\": {\"fields\": [\"\\u0410\\u0434\\u0440\\u0435\\u0441\"]}}]"}}, {"model": "admin.logentry", "pk": 203, "fields": {"action_time": "2022-05-30T20:01:44.795Z", "user": 1, "content_type": 12, "object_id": "85", "object_repr": "85 Антон, Кремль", "action_flag": 2, "change_message": "[{\"changed\": {\"fields\": [\"\\u0410\\u0434\\u0440\\u0435\\u0441\"]}}]"}}, {"model": "admin.logentry", "pk": 204, "fields": {"action_time": "2022-05-30T20:01:56.150Z", "user": 1, "content_type": 12, "object_id": "89", "object_repr": "89 ANTON, Третьяковская галерея", "action_flag": 2, "change_message": "[{\"changed\": {\"fields\": [\"\\u0410\\u0434\\u0440\\u0435\\u0441\"]}}]"}}, {"model": "admin.logentry", "pk": 205, "fields": {"action_time": "2022-05-30T20:02:10.088Z", "user": 1, "content_type": 12, "object_id": "103", "object_repr": "103 ANTON, Шереметьево", "action_flag": 2, "change_message": "[{\"changed\": {\"fields\": [\"\\u0410\\u0434\\u0440\\u0435\\u0441\"]}}]"}}, {"model": "admin.logentry", "pk": 206, "fields": {"action_time": "2022-05-30T20:02:19.079Z", "user": 1, "content_type": 12, "object_id": "104", "object_repr": "104 ANTON, Домодедово", "action_flag": 2, "change_message": "[{\"changed\": {\"fields\": [\"\\u0410\\u0434\\u0440\\u0435\\u0441\"]}}]"}}, {"model": "admin.logentry", "pk": 207, "fields": {"action_time": "2022-05-30T20:02:30.303Z", "user": 1, "content_type": 12, "object_id": "105", "object_repr": "105 Иваныч, Останкино", "action_flag": 2, "change_message": "[{\"changed\": {\"fields\": [\"\\u0410\\u0434\\u0440\\u0435\\u0441\"]}}]"}}, {"model": "admin.logentry", "pk": 208, "fields": {"action_time": "2022-05-30T20:02:40.037Z", "user": 1, "content_type": 12, "object_id": "106", "object_repr": "106 ANTON, Бутово", "action_flag": 2, "change_message": "[{\"changed\": {\"fields\": [\"\\u0410\\u0434\\u0440\\u0435\\u0441\"]}}]"}}, {"model": "admin.logentry", "pk": 209, "fields": {"action_time": "2022-05-30T20:02:56.749Z", "user": 1, "content_type": 12, "object_id": "107", "object_repr": "107 ANTON, Парк Культуры", "action_flag": 2, "change_message": "[{\"changed\": {\"fields\": [\"\\u0410\\u0434\\u0440\\u0435\\u0441\"]}}]"}}, {"model": "admin.logentry", "pk": 210, "fields": {"action_time": "2022-05-30T21:30:31.594Z", "user": 1, "content_type": 12, "object_id": "104", "object_repr": "104 ANTON, выал42134", "action_flag": 2, "change_message": "[{\"changed\": {\"fields\": [\"\\u0410\\u0434\\u0440\\u0435\\u0441\"]}}]"}}, {"model": "admin.logentry", "pk": 211, "fields": {"action_time": "2022-05-31T20:13:14.764Z", "user": 1, "content_type": 13, "object_id": "1", "object_repr": "Location object (1)", "action_flag": 1, "change_message": "[{\"added\": {}}]"}}, {"model": "admin.logentry", "pk": 212, "fields": {"action_time": "2022-05-31T20:16:52.946Z", "user": 1, "content_type": 13, "object_id": "2", "object_repr": "Москва, пл. Киевского Вокзала, 2 → (55.744637, 37.566072)", "action_flag": 1, "change_message": "[{\"added\": {}}]"}}, {"model": "admin.logentry", "pk": 213, "fields": {"action_time": "2022-05-31T21:28:37.075Z", "user": 1, "content_type": 13, "object_id": "3", "object_repr": "Москва, ул. Новый Арбат, 15 → (55.752141, 37.592420)", "action_flag": 3, "change_message": ""}}, {"model": "admin.logentry", "pk": 214, "fields": {"action_time": "2022-05-31T21:28:37.105Z", "user": 1, "content_type": 13, "object_id": "2", "object_repr": "Москва, пл. Киевского Вокзала, 2 → (55.744637, 37.566072)", "action_flag": 3, "change_message": ""}}, {"model": "admin.logentry", "pk": 215, "fields": {"action_time": "2022-05-31T21:28:37.133Z", "user": 1, "content_type": 13, "object_id": "1", "object_repr": "Москва, Цветной бульвар, 11с2 → (55.770076, 37.620429)", "action_flag": 3, "change_message": ""}}, {"model": "admin.logentry", "pk": 216, "fields": {"action_time": "2022-05-31T21:49:33.178Z", "user": 1, "content_type": 13, "object_id": "6", "object_repr": "Москва, пл. Киевского Вокзала, 2 → (55.744637, 37.566072)", "action_flag": 3, "change_message": ""}}, {"model": "admin.logentry", "pk": 217, "fields": {"action_time": "2022-05-31T21:49:33.208Z", "user": 1, "content_type": 13, "object_id": "5", "object_repr": "Москва, Цветной бульвар, 11с2 → (55.770076, 37.620429)", "action_flag": 3, "change_message": ""}}, {"model": "admin.logentry", "pk": 218, "fields": {"action_time": "2022-05-31T21:49:33.236Z", "user": 1, "content_type": 13, "object_id": "4", "object_repr": "Москва, ул. Новый Арбат, 15 → (55.752141, 37.592420)", "action_flag": 3, "change_message": ""}}, {"model": "admin.logentry", "pk": 219, "fields": {"action_time": "2022-05-31T21:49:44.203Z", "user": 1, "content_type": 13, "object_id": "14", "object_repr": "Парк Культуры → (55.735307, 37.592869)", "action_flag": 3, "change_message": ""}}, {"model": "admin.logentry", "pk": 220, "fields": {"action_time": "2022-05-31T21:49:44.234Z", "user": 1, "content_type": 13, "object_id": "13", "object_repr": "Бутово → (50.763829, 36.180322)", "action_flag": 3, "change_message": ""}}, {"model": "admin.logentry", "pk": 221, "fields": {"action_time": "2022-05-31T21:49:44.262Z", "user": 1, "content_type": 13, "object_id": "12", "object_repr": "Останкино → (56.267957, 44.416813)", "action_flag": 3, "change_message": ""}}, {"model": "admin.logentry", "pk": 222, "fields": {"action_time": "2022-05-31T21:49:44.290Z", "user": 1, "content_type": 13, "object_id": "11", "object_repr": "Шереметьево → (53.572059, 40.085155)", "action_flag": 3, "change_message": ""}}, {"model": "admin.logentry", "pk": 223, "fields": {"action_time": "2022-05-31T21:49:44.318Z", "user": 1, "content_type": 13, "object_id": "10", "object_repr": "Третьяковская галерея → (59.862705, 36.068985)", "action_flag": 3, "change_message": ""}}, {"model": "admin.logentry", "pk": 224, "fields": {"action_time": "2022-05-31T21:49:44.348Z", "user": 1, "content_type": 13, "object_id": "9", "object_repr": "Кремль → (65.026802, 35.709128)", "action_flag": 3, "change_message": ""}}, {"model": "admin.logentry", "pk": 225, "fields": {"action_time": "2022-05-31T21:49:44.376Z", "user": 1, "content_type": 13, "object_id": "8", "object_repr": "Домодедово → (55.437174, 37.768004)", "action_flag": 3, "change_message": ""}}, {"model": "admin.logentry", "pk": 226, "fields": {"action_time": "2022-05-31T21:49:44.403Z", "user": 1, "content_type": 13, "object_id": "7", "object_repr": "Внуково → (55.608562, 37.295023)", "action_flag": 3, "change_message": ""}}, {"model": "admin.logentry", "pk": 227, "fields": {"action_time": "2022-05-31T21:49:53.994Z", "user": 1, "content_type": 13, "object_id": "17", "object_repr": "Москва, пл. Киевского Вокзала, 2 → (55.744637, 37.566072)", "action_flag": 3, "change_message": ""}}, {"model": "admin.logentry", "pk": 228, "fields": {"action_time": "2022-05-31T21:49:54.030Z", "user": 1, "content_type": 13, "object_id": "16", "object_repr": "Москва, ул. Новый Арбат, 15 → (55.752141, 37.592420)", "action_flag": 3, "change_message": ""}}, {"model": "admin.logentry", "pk": 229, "fields": {"action_time": "2022-05-31T21:49:54.066Z", "user": 1, "content_type": 13, "object_id": "15", "object_repr": "Москва, Цветной бульвар, 11с2 → (55.770076, 37.620429)", "action_flag": 3, "change_message": ""}}, {"model": "admin.logentry", "pk": 230, "fields": {"action_time": "2022-05-31T21:50:57.918Z", "user": 1, "content_type": 12, "object_id": "85", "object_repr": "85 Антон, Гарвард", "action_flag": 2, "change_message": "[{\"changed\": {\"fields\": [\"\\u0410\\u0434\\u0440\\u0435\\u0441\"]}}]"}}, {"model": "admin.logentry", "pk": 231, "fields": {"action_time": "2022-05-31T21:54:17.031Z", "user": 1, "content_type": 13, "object_id": "29", "object_repr": "Гарвард → (42.422103, -88.613494)", "action_flag": 3, "change_message": ""}}, {"model": "admin.logentry", "pk": 232, "fields": {"action_time": "2022-05-31T21:54:17.063Z", "user": 1, "content_type": 13, "object_id": "28", "object_repr": "Парк Культуры → (55.735307, 37.592869)", "action_flag": 3, "change_message": ""}}, {"model": "admin.logentry", "pk": 233, "fields": {"action_time": "2022-05-31T21:54:17.090Z", "user": 1, "content_type": 13, "object_id": "27", "object_repr": "Бутово → (50.763829, 36.180322)", "action_flag": 3, "change_message": ""}}, {"model": "admin.logentry", "pk": 234, "fields": {"action_time": "2022-05-31T21:54:17.118Z", "user": 1, "content_type": 13, "object_id": "26", "object_repr": "Останкино → (56.267957, 44.416813)", "action_flag": 3, "change_message": ""}}, {"model": "admin.logentry", "pk": 235, "fields": {"action_time": "2022-05-31T21:54:17.149Z", "user": 1, "content_type": 13, "object_id": "25", "object_repr": "Шереметьево → (53.572059, 40.085155)", "action_flag": 3, "change_message": ""}}, {"model": "admin.logentry", "pk": 236, "fields": {"action_time": "2022-05-31T21:54:17.180Z", "user": 1, "content_type": 13, "object_id": "24", "object_repr": "Третьяковская галерея → (59.862705, 36.068985)", "action_flag": 3, "change_message": ""}}, {"model": "admin.logentry", "pk": 237, "fields": {"action_time": "2022-05-31T21:54:17.208Z", "user": 1, "content_type": 13, "object_id": "23", "object_repr": "Кремль → (65.026802, 35.709128)", "action_flag": 3, "change_message": ""}}, {"model": "admin.logentry", "pk": 238, "fields": {"action_time": "2022-05-31T21:54:17.236Z", "user": 1, "content_type": 13, "object_id": "22", "object_repr": "Москва, пл. Киевского Вокзала, 2 → (55.744637, 37.566072)", "action_flag": 3, "change_message": ""}}, {"model": "admin.logentry", "pk": 239, "fields": {"action_time": "2022-05-31T21:54:17.264Z", "user": 1, "content_type": 13, "object_id": "21", "object_repr": "Москва, ул. Новый Арбат, 15 → (55.752141, 37.592420)", "action_flag": 3, "change_message": ""}}, {"model": "admin.logentry", "pk": 240, "fields": {"action_time": "2022-05-31T21:54:17.292Z", "user": 1, "content_type": 13, "object_id": "20", "object_repr": "Домодедово → (55.437174, 37.768004)", "action_flag": 3, "change_message": ""}}, {"model": "admin.logentry", "pk": 241, "fields": {"action_time": "2022-05-31T21:54:17.321Z", "user": 1, "content_type": 13, "object_id": "19", "object_repr": "Москва, Цветной бульвар, 11с2 → (55.770076, 37.620429)", "action_flag": 3, "change_message": ""}}, {"model": "admin.logentry", "pk": 242, "fields": {"action_time": "2022-05-31T21:54:17.350Z", "user": 1, "content_type": 13, "object_id": "18", "object_repr": "Внуково → (55.608562, 37.295023)", "action_flag": 3, "change_message": ""}}, {"model": "admin.logentry", "pk": 243, "fields": {"action_time": "2022-05-31T21:55:08.496Z", "user": 1, "content_type": 12, "object_id": "107", "object_repr": "107 ANTON, м43534еавчау", "action_flag": 2, "change_message": "[{\"changed\": {\"fields\": [\"\\u0410\\u0434\\u0440\\u0435\\u0441\"]}}]"}}, {"model": "admin.logentry", "pk": 244, "fields": {"action_time": "2022-05-31T21:55:33.700Z", "user": 1, "content_type": 12, "object_id": "106", "object_repr": "106 ANTON, ывавыеп 3445м", "action_flag": 2, "change_message": "[{\"changed\": {\"fields\": [\"\\u0410\\u0434\\u0440\\u0435\\u0441\"]}}]"}}, {"model": "admin.logentry", "pk": 245, "fields": {"action_time": "2022-05-31T21:56:06.830Z", "user": 1, "content_type": 12, "object_id": "106", "object_repr": "106 ANTON, .", "action_flag": 2, "change_message": "[{\"changed\": {\"fields\": [\"\\u0410\\u0434\\u0440\\u0435\\u0441\"]}}]"}}, {"model": "admin.logentry", "pk": 246, "fields": {"action_time": "2022-05-31T21:57:22.477Z", "user": 1, "content_type": 12, "object_id": "104", "object_repr": "104 ANTON, !", "action_flag": 2, "change_message": "[{\"changed\": {\"fields\": [\"\\u0410\\u0434\\u0440\\u0435\\u0441\"]}}]"}}, {"model": "admin.logentry", "pk": 247, "fields": {"action_time": "2022-05-31T21:57:45.665Z", "user": 1, "content_type": 13, "object_id": "39", "object_repr": "! → (60.435435, 154.039736)", "action_flag": 3, "change_message": ""}}, {"model": "admin.logentry", "pk": 248, "fields": {"action_time": "2022-05-31T21:58:39.723Z", "user": 1, "content_type": 12, "object_id": "106", "object_repr": "106 ANTON, .", "action_flag": 2, "change_message": "[{\"changed\": {\"fields\": [\"\\u0420\\u0435\\u0441\\u0442\\u043e\\u0440\\u0430\\u043d \\u0434\\u043b\\u044f \\u0433\\u043e\\u0442\\u043e\\u0432\\u043a\\u0438\"]}}]"}}, {"model": "admin.logentry", "pk": 249, "fields": {"action_time": "2022-06-04T16:23:35.619Z", "user": 1, "content_type": 13, "object_id": "42", "object_repr": "Останкино → (56.267957, 44.416813)", "action_flag": 3, "change_message": ""}}, {"model": "admin.logentry", "pk": 250, "fields": {"action_time": "2022-06-04T16:23:35.652Z", "user": 1, "content_type": 13, "object_id": "41", "object_repr": "! → (60.435435, 154.039736)", "action_flag": 3, "change_message": ""}}, {"model": "admin.logentry", "pk": 251, "fields": {"action_time": "2022-06-04T16:23:35.679Z", "user": 1, "content_type": 13, "object_id": "40", "object_repr": ". → (52.498834, 45.912436)", "action_flag": 3, "change_message": ""}}, {"model": "admin.logentry", "pk": 252, "fields": {"action_time": "2022-06-04T16:23:35.707Z", "user": 1, "content_type": 13, "object_id": "38", "object_repr": "Внуково → (55.608562, 37.295023)", "action_flag": 3, "change_message": ""}}, {"model": "admin.logentry", "pk": 253, "fields": {"action_time": "2022-06-04T16:23:35.737Z", "user": 1, "content_type": 13, "object_id": "37", "object_repr": "Домодедово → (55.437174, 37.768004)", "action_flag": 3, "change_message": ""}}, {"model": "admin.logentry", "pk": 254, "fields": {"action_time": "2022-06-04T16:23:35.766Z", "user": 1, "content_type": 13, "object_id": "36", "object_repr": "Москва, пл. Киевского Вокзала, 2 → (55.744637, 37.566072)", "action_flag": 3, "change_message": ""}}, {"model": "admin.logentry", "pk": 255, "fields": {"action_time": "2022-06-04T16:23:35.795Z", "user": 1, "content_type": 13, "object_id": "35", "object_repr": "Москва, ул. Новый Арбат, 15 → (55.752141, 37.592420)", "action_flag": 3, "change_message": ""}}, {"model": "admin.logentry", "pk": 256, "fields": {"action_time": "2022-06-04T16:23:35.824Z", "user": 1, "content_type": 13, "object_id": "34", "object_repr": "Гарвард → (42.422103, -88.613494)", "action_flag": 3, "change_message": ""}}, {"model": "admin.logentry", "pk": 257, "fields": {"action_time": "2022-06-04T16:23:35.857Z", "user": 1, "content_type": 13, "object_id": "33", "object_repr": "Третьяковская галерея → (59.862705, 36.068985)", "action_flag": 3, "change_message": ""}}, {"model": "admin.logentry", "pk": 258, "fields": {"action_time": "2022-06-04T16:23:35.885Z", "user": 1, "content_type": 13, "object_id": "32", "object_repr": "Шереметьево → (53.572059, 40.085155)", "action_flag": 3, "change_message": ""}}, {"model": "admin.logentry", "pk": 259, "fields": {"action_time": "2022-06-04T16:23:35.914Z", "user": 1, "content_type": 13, "object_id": "31", "object_repr": "Москва, Цветной бульвар, 11с2 → (55.770076, 37.620429)", "action_flag": 3, "change_message": ""}}, {"model": "admin.logentry", "pk": 260, "fields": {"action_time": "2022-06-04T16:23:35.942Z", "user": 1, "content_type": 13, "object_id": "30", "object_repr": "Парк Культуры → (55.735307, 37.592869)", "action_flag": 3, "change_message": ""}}, {"model": "admin.logentry", "pk": 261, "fields": {"action_time": "2022-06-04T18:22:53.825Z", "user": 1, "content_type": 13, "object_id": "53", "object_repr": ". → (52.498834, 45.912436)", "action_flag": 3, "change_message": ""}}, {"model": "admin.logentry", "pk": 262, "fields": {"action_time": "2022-06-04T18:22:53.854Z", "user": 1, "content_type": 13, "object_id": "52", "object_repr": "Останкино → (56.267957, 44.416813)", "action_flag": 3, "change_message": ""}}, {"model": "admin.logentry", "pk": 263, "fields": {"action_time": "2022-06-04T18:22:53.882Z", "user": 1, "content_type": 13, "object_id": "51", "object_repr": "! → (60.435435, 154.039736)", "action_flag": 3, "change_message": ""}}, {"model": "admin.logentry", "pk": 264, "fields": {"action_time": "2022-06-04T18:22:53.910Z", "user": 1, "content_type": 13, "object_id": "50", "object_repr": "Шереметьево → (53.572059, 40.085155)", "action_flag": 3, "change_message": ""}}, {"model": "admin.logentry", "pk": 265, "fields": {"action_time": "2022-06-04T18:22:53.938Z", "user": 1, "content_type": 13, "object_id": "49", "object_repr": "Третьяковская галерея → (59.862705, 36.068985)", "action_flag": 3, "change_message": ""}}, {"model": "admin.logentry", "pk": 266, "fields": {"action_time": "2022-06-04T18:22:53.967Z", "user": 1, "content_type": 13, "object_id": "48", "object_repr": "Гарвард → (42.422103, -88.613494)", "action_flag": 3, "change_message": ""}}, {"model": "admin.logentry", "pk": 267, "fields": {"action_time": "2022-06-04T18:22:53.994Z", "user": 1, "content_type": 13, "object_id": "47", "object_repr": "Москва, пл. Киевского Вокзала, 2 → (55.744637, 37.566072)", "action_flag": 3, "change_message": ""}}, {"model": "admin.logentry", "pk": 268, "fields": {"action_time": "2022-06-04T18:22:54.025Z", "user": 1, "content_type": 13, "object_id": "46", "object_repr": "Москва, ул. Новый Арбат, 15 → (55.752141, 37.592420)", "action_flag": 3, "change_message": ""}}, {"model": "admin.logentry", "pk": 269, "fields": {"action_time": "2022-06-04T18:22:54.059Z", "user": 1, "content_type": 13, "object_id": "45", "object_repr": "Домодедово → (55.437174, 37.768004)", "action_flag": 3, "change_message": ""}}, {"model": "admin.logentry", "pk": 270, "fields": {"action_time": "2022-06-04T18:22:54.092Z", "user": 1, "content_type": 13, "object_id": "44", "object_repr": "Москва, Цветной бульвар, 11с2 → (55.770076, 37.620429)", "action_flag": 3, "change_message": ""}}, {"model": "admin.logentry", "pk": 271, "fields": {"action_time": "2022-06-04T18:22:54.127Z", "user": 1, "content_type": 13, "object_id": "43", "object_repr": "Внуково → (55.608562, 37.295023)", "action_flag": 3, "change_message": ""}}, {"model": "admin.logentry", "pk": 272, "fields": {"action_time": "2022-06-04T20:42:23.643Z", "user": 1, "content_type": 13, "object_id": "64", "object_repr": ". → (52.498834, 45.912436)", "action_flag": 3, "change_message": ""}}, {"model": "admin.logentry", "pk": 273, "fields": {"action_time": "2022-06-04T20:42:23.673Z", "user": 1, "content_type": 13, "object_id": "63", "object_repr": "Останкино → (56.267957, 44.416813)", "action_flag": 3, "change_message": ""}}, {"model": "admin.logentry", "pk": 274, "fields": {"action_time": "2022-06-04T20:42:23.702Z", "user": 1, "content_type": 13, "object_id": "62", "object_repr": "! → (60.435435, 154.039736)", "action_flag": 3, "change_message": ""}}, {"model": "admin.logentry", "pk": 275, "fields": {"action_time": "2022-06-04T20:42:23.731Z", "user": 1, "content_type": 13, "object_id": "61", "object_repr": "Шереметьево → (53.572059, 40.085155)", "action_flag": 3, "change_message": ""}}, {"model": "admin.logentry", "pk": 276, "fields": {"action_time": "2022-06-04T20:42:23.759Z", "user": 1, "content_type": 13, "object_id": "60", "object_repr": "Третьяковская галерея → (59.862705, 36.068985)", "action_flag": 3, "change_message": ""}}, {"model": "admin.logentry", "pk": 277, "fields": {"action_time": "2022-06-04T20:42:23.790Z", "user": 1, "content_type": 13, "object_id": "59", "object_repr": "Гарвард → (42.422103, -88.613494)", "action_flag": 3, "change_message": ""}}, {"model": "admin.logentry", "pk": 278, "fields": {"action_time": "2022-06-04T20:42:23.820Z", "user": 1, "content_type": 13, "object_id": "58", "object_repr": "Москва, пл. Киевского Вокзала, 2 → (55.744637, 37.566072)", "action_flag": 3, "change_message": ""}}, {"model": "admin.logentry", "pk": 279, "fields": {"action_time": "2022-06-04T20:42:23.848Z", "user": 1, "content_type": 13, "object_id": "57", "object_repr": "Москва, ул. Новый Арбат, 15 → (55.752141, 37.592420)", "action_flag": 3, "change_message": ""}}, {"model": "admin.logentry", "pk": 280, "fields": {"action_time": "2022-06-04T20:42:23.876Z", "user": 1, "content_type": 13, "object_id": "56", "object_repr": "Домодедово → (55.437174, 37.768004)", "action_flag": 3, "change_message": ""}}, {"model": "admin.logentry", "pk": 281, "fields": {"action_time": "2022-06-04T20:42:23.903Z", "user": 1, "content_type": 13, "object_id": "55", "object_repr": "Москва, Цветной бульвар, 11с2 → (55.770076, 37.620429)", "action_flag": 3, "change_message": ""}}, {"model": "admin.logentry", "pk": 282, "fields": {"action_time": "2022-06-04T20:42:23.932Z", "user": 1, "content_type": 13, "object_id": "54", "object_repr": "Внуково → (55.608562, 37.295023)", "action_flag": 3, "change_message": ""}}, {"model": "admin.logentry", "pk": 283, "fields": {"action_time": "2022-06-04T20:46:27.096Z", "user": 1, "content_type": 13, "object_id": "75", "object_repr": ". → (52.498834, 45.912436)", "action_flag": 3, "change_message": ""}}, {"model": "admin.logentry", "pk": 284, "fields": {"action_time": "2022-06-04T20:46:27.126Z", "user": 1, "content_type": 13, "object_id": "74", "object_repr": "Останкино → (56.267957, 44.416813)", "action_flag": 3, "change_message": ""}}, {"model": "admin.logentry", "pk": 285, "fields": {"action_time": "2022-06-04T20:46:27.154Z", "user": 1, "content_type": 13, "object_id": "73", "object_repr": "! → (60.435435, 154.039736)", "action_flag": 3, "change_message": ""}}, {"model": "admin.logentry", "pk": 286, "fields": {"action_time": "2022-06-04T20:46:27.182Z", "user": 1, "content_type": 13, "object_id": "72", "object_repr": "Шереметьево → (53.572059, 40.085155)", "action_flag": 3, "change_message": ""}}, {"model": "admin.logentry", "pk": 287, "fields": {"action_time": "2022-06-04T20:46:27.210Z", "user": 1, "content_type": 13, "object_id": "71", "object_repr": "Третьяковская галерея → (59.862705, 36.068985)", "action_flag": 3, "change_message": ""}}, {"model": "admin.logentry", "pk": 288, "fields": {"action_time": "2022-06-04T20:46:27.238Z", "user": 1, "content_type": 13, "object_id": "70", "object_repr": "Гарвард → (42.422103, -88.613494)", "action_flag": 3, "change_message": ""}}, {"model": "admin.logentry", "pk": 289, "fields": {"action_time": "2022-06-04T20:46:27.267Z", "user": 1, "content_type": 13, "object_id": "69", "object_repr": "Москва, пл. Киевского Вокзала, 2 → (55.744637, 37.566072)", "action_flag": 3, "change_message": ""}}, {"model": "admin.logentry", "pk": 290, "fields": {"action_time": "2022-06-04T20:46:27.295Z", "user": 1, "content_type": 13, "object_id": "68", "object_repr": "Москва, ул. Новый Арбат, 15 → (55.752141, 37.592420)", "action_flag": 3, "change_message": ""}}, {"model": "admin.logentry", "pk": 291, "fields": {"action_time": "2022-06-04T20:46:27.322Z", "user": 1, "content_type": 13, "object_id": "67", "object_repr": "Домодедово → (55.437174, 37.768004)", "action_flag": 3, "change_message": ""}}, {"model": "admin.logentry", "pk": 292, "fields": {"action_time": "2022-06-04T20:46:27.351Z", "user": 1, "content_type": 13, "object_id": "66", "object_repr": "Москва, Цветной бульвар, 11с2 → (55.770076, 37.620429)", "action_flag": 3, "change_message": ""}}, {"model": "admin.logentry", "pk": 293, "fields": {"action_time": "2022-06-04T20:46:27.379Z", "user": 1, "content_type": 13, "object_id": "65", "object_repr": "Внуково → (55.608562, 37.295023)", "action_flag": 3, "change_message": ""}}, {"model": "admin.logentry", "pk": 294, "fields": {"action_time": "2022-06-06T14:42:26.002Z", "user": 1, "content_type": 12, "object_id": "112", "object_repr": "112 ANTON, Sovetskaya street, 14, 63,", "action_flag": 2, "change_message": "[{\"deleted\": {\"name\": \"\\u041f\\u043e\\u0437\\u0438\\u0446\\u0438\\u0438 \\u0437\\u0430\\u043a\\u0430\\u0437\\u043e\\u0432\", \"object\": \"#112 order: \\u0422\\u0440\\u043e\\u0439\\u043d\\u043e\\u0439 \\u0412\\u043e\\u043f\\u043f\\u0435\\u0440 \\u00d7 1\"}}]"}}, {"model": "admin.logentry", "pk": 295, "fields": {"action_time": "2022-06-06T14:47:57.400Z", "user": 1, "content_type": 12, "object_id": "85", "object_repr": "85 Антон, Гарвард", "action_flag": 3, "change_message": ""}}, {"model": "admin.logentry", "pk": 296, "fields": {"action_time": "2022-06-06T14:47:57.428Z", "user": 1, "content_type": 12, "object_id": "82", "object_repr": "82 ANTON, Домодедово", "action_flag": 3, "change_message": ""}}, {"model": "admin.logentry", "pk": 297, "fields": {"action_time": "2022-06-06T14:50:01.388Z", "user": 1, "content_type": 12, "object_id": "17", "object_repr": "17 ANTON, Внуково", "action_flag": 2, "change_message": "[{\"added\": {\"name\": \"\\u041f\\u043e\\u0437\\u0438\\u0446\\u0438\\u0438 \\u0437\\u0430\\u043a\\u0430\\u0437\\u043e\\u0432\", \"object\": \"#17 order: \\u0411\\u0435\\u043a\\u043e\\u043d\\u0430\\u0439\\u0437\\u0435\\u0440 \\u00d7 1\"}}]"}}, {"model": "admin.logentry", "pk": 298, "fields": {"action_time": "2022-06-06T14:50:12.698Z", "user": 1, "content_type": 12, "object_id": "89", "object_repr": "89 ANTON, Третьяковская галерея", "action_flag": 2, "change_message": "[{\"added\": {\"name\": \"\\u041f\\u043e\\u0437\\u0438\\u0446\\u0438\\u0438 \\u0437\\u0430\\u043a\\u0430\\u0437\\u043e\\u0432\", \"object\": \"#89 order: \\u0424\\u0438\\u0448 \\u0420\\u043e\\u043b\\u043b \\u00d7 3\"}}]"}}, {"model": "admin.logentry", "pk": 299, "fields": {"action_time": "2022-06-06T14:50:44.483Z", "user": 1, "content_type": 12, "object_id": "103", "object_repr": "103 ANTON, Шереметьево", "action_flag": 2, "change_message": "[{\"added\": {\"name\": \"\\u041f\\u043e\\u0437\\u0438\\u0446\\u0438\\u0438 \\u0437\\u0430\\u043a\\u0430\\u0437\\u043e\\u0432\", \"object\": \"#103 order: \\u0411\\u0435\\u043a\\u043e\\u043d\\u0430\\u0439\\u0437\\u0435\\u0440 \\u00d7 3\"}}]"}}, {"model": "admin.logentry", "pk": 300, "fields": {"action_time": "2022-06-06T14:50:57.160Z", "user": 1, "content_type": 12, "object_id": "104", "object_repr": "104 ANTON, !", "action_flag": 2, "change_message": "[{\"added\": {\"name\": \"\\u041f\\u043e\\u0437\\u0438\\u0446\\u0438\\u0438 \\u0437\\u0430\\u043a\\u0430\\u0437\\u043e\\u0432\", \"object\": \"#104 order: \\u0424\\u0438\\u0448 \\u0420\\u043e\\u043b\\u043b \\u00d7 3\"}}]"}}, {"model": "admin.logentry", "pk": 301, "fields": {"action_time": "2022-06-07T17:55:56.365Z", "user": 1, "content_type": 13, "object_id": "87", "object_repr": "Sovetskaya street, 14, 63, → (43.247822, 76.910072)", "action_flag": 3, "change_message": ""}}, {"model": "admin.logentry", "pk": 302, "fields": {"action_time": "2022-06-07T17:55:56.396Z", "user": 1, "content_type": 13, "object_id": "86", "object_repr": "Останкино → (56.267957, 44.416813)", "action_flag": 3, "change_message": ""}}, {"model": "admin.logentry", "pk": 303, "fields": {"action_time": "2022-06-07T17:55:56.429Z", "user": 1, "content_type": 13, "object_id": "85", "object_repr": "Внуково → (55.608562, 37.295023)", "action_flag": 3, "change_message": ""}}, {"model": "admin.logentry", "pk": 304, "fields": {"action_time": "2022-06-07T17:55:56.461Z", "user": 1, "content_type": 13, "object_id": "84", "object_repr": "Домодедово → (55.437174, 37.768004)", "action_flag": 3, "change_message": ""}}, {"model": "admin.logentry", "pk": 305, "fields": {"action_time": "2022-06-07T17:55:56.496Z", "user": 1, "content_type": 13, "object_id": "83", "object_repr": "Москва, ул. Новый Арбат, 15 → (55.752141, 37.592420)", "action_flag": 3, "change_message": ""}}, {"model": "admin.logentry", "pk": 306, "fields": {"action_time": "2022-06-07T17:55:56.528Z", "user": 1, "content_type": 13, "object_id": "82", "object_repr": "Гарвард → (42.422103, -88.613494)", "action_flag": 3, "change_message": ""}}, {"model": "admin.logentry", "pk": 307, "fields": {"action_time": "2022-06-07T17:55:56.555Z", "user": 1, "content_type": 13, "object_id": "81", "object_repr": "Третьяковская галерея → (59.862705, 36.068985)", "action_flag": 3, "change_message": ""}}, {"model": "admin.logentry", "pk": 308, "fields": {"action_time": "2022-06-07T17:55:56.584Z", "user": 1, "content_type": 13, "object_id": "80", "object_repr": "Шереметьево → (53.572059, 40.085155)", "action_flag": 3, "change_message": ""}}, {"model": "admin.logentry", "pk": 309, "fields": {"action_time": "2022-06-07T17:55:56.615Z", "user": 1, "content_type": 13, "object_id": "79", "object_repr": "! → (60.435435, 154.039736)", "action_flag": 3, "change_message": ""}}, {"model": "admin.logentry", "pk": 310, "fields": {"action_time": "2022-06-07T17:55:56.642Z", "user": 1, "content_type": 13, "object_id": "78", "object_repr": "Москва, пл. Киевского Вокзала, 2 → (55.744637, 37.566072)", "action_flag": 3, "change_message": ""}}, {"model": "admin.logentry", "pk": 311, "fields": {"action_time": "2022-06-07T17:55:56.669Z", "user": 1, "content_type": 13, "object_id": "77", "object_repr": "Москва, Цветной бульвар, 11с2 → (55.770076, 37.620429)", "action_flag": 3, "change_message": ""}}, {"model": "admin.logentry", "pk": 312, "fields": {"action_time": "2022-06-07T17:55:56.697Z", "user": 1, "content_type": 13, "object_id": "76", "object_repr": ". → (52.498834, 45.912436)", "action_flag": 3, "change_message": ""}}, {"model": "admin.logentry", "pk": 313, "fields": {"action_time": "2022-06-07T17:57:53.178Z", "user": 1, "content_type": 13, "object_id": "95", "object_repr": "Внуково → (55.608562, 37.295023)", "action_flag": 3, "change_message": ""}}, {"model": "admin.logentry", "pk": 314, "fields": {"action_time": "2022-06-07T17:57:53.208Z", "user": 1, "content_type": 13, "object_id": "94", "object_repr": "Третьяковская галерея → (59.862705, 36.068985)", "action_flag": 3, "change_message": ""}}, {"model": "admin.logentry", "pk": 315, "fields": {"action_time": "2022-06-07T17:57:53.237Z", "user": 1, "content_type": 13, "object_id": "93", "object_repr": "Шереметьево → (53.572059, 40.085155)", "action_flag": 3, "change_message": ""}}, {"model": "admin.logentry", "pk": 316, "fields": {"action_time": "2022-06-07T17:57:53.266Z", "user": 1, "content_type": 13, "object_id": "92", "object_repr": "! → (60.435435, 154.039736)", "action_flag": 3, "change_message": ""}}, {"model": "admin.logentry", "pk": 317, "fields": {"action_time": "2022-06-07T17:57:53.295Z", "user": 1, "content_type": 13, "object_id": "91", "object_repr": "Москва, пл. Киевского Вокзала, 2 → (55.744637, 37.566072)", "action_flag": 3, "change_message": ""}}, {"model": "admin.logentry", "pk": 318, "fields": {"action_time": "2022-06-07T17:57:53.325Z", "user": 1, "content_type": 13, "object_id": "90", "object_repr": ". → (52.498834, 45.912436)", "action_flag": 3, "change_message": ""}}, {"model": "admin.logentry", "pk": 319, "fields": {"action_time": "2022-06-07T17:57:53.354Z", "user": 1, "content_type": 13, "object_id": "89", "object_repr": "Москва, Цветной бульвар, 11с2 → (55.770076, 37.620429)", "action_flag": 3, "change_message": ""}}, {"model": "admin.logentry", "pk": 320, "fields": {"action_time": "2022-06-07T17:57:53.384Z", "user": 1, "content_type": 13, "object_id": "88", "object_repr": "Sovetskaya street, 14, 63, → (43.247822, 76.910072)", "action_flag": 3, "change_message": ""}}, {"model": "admin.logentry", "pk": 321, "fields": {"action_time": "2022-06-07T18:04:23.121Z", "user": 1, "content_type": 13, "object_id": "103", "object_repr": "Внуково → (55.608562, 37.295023)", "action_flag": 3, "change_message": ""}}, {"model": "admin.logentry", "pk": 322, "fields": {"action_time": "2022-06-07T18:04:23.149Z", "user": 1, "content_type": 13, "object_id": "102", "object_repr": "Третьяковская галерея → (59.862705, 36.068985)", "action_flag": 3, "change_message": ""}}, {"model": "admin.logentry", "pk": 323, "fields": {"action_time": "2022-06-07T18:04:23.178Z", "user": 1, "content_type": 13, "object_id": "101", "object_repr": "Шереметьево → (53.572059, 40.085155)", "action_flag": 3, "change_message": ""}}, {"model": "admin.logentry", "pk": 324, "fields": {"action_time": "2022-06-07T18:04:23.206Z", "user": 1, "content_type": 13, "object_id": "100", "object_repr": "! → (60.435435, 154.039736)", "action_flag": 3, "change_message": ""}}, {"model": "admin.logentry", "pk": 325, "fields": {"action_time": "2022-06-07T18:04:23.234Z", "user": 1, "content_type": 13, "object_id": "99", "object_repr": "Москва, пл. Киевского Вокзала, 2 → (55.744637, 37.566072)", "action_flag": 3, "change_message": ""}}, {"model": "admin.logentry", "pk": 326, "fields": {"action_time": "2022-06-07T18:04:23.262Z", "user": 1, "content_type": 13, "object_id": "98", "object_repr": ". → (52.498834, 45.912436)", "action_flag": 3, "change_message": ""}}, {"model": "admin.logentry", "pk": 327, "fields": {"action_time": "2022-06-07T18:04:23.290Z", "user": 1, "content_type": 13, "object_id": "97", "object_repr": "Москва, Цветной бульвар, 11с2 → (55.770076, 37.620429)", "action_flag": 3, "change_message": ""}}, {"model": "admin.logentry", "pk": 328, "fields": {"action_time": "2022-06-07T18:04:23.318Z", "user": 1, "content_type": 13, "object_id": "96", "object_repr": "Sovetskaya street, 14, 63, → (43.247822, 76.910072)", "action_flag": 3, "change_message": ""}}, {"model": "admin.logentry", "pk": 329, "fields": {"action_time": "2022-06-07T18:04:41.033Z", "user": 1, "content_type": 13, "object_id": "109", "object_repr": "Внуково → (55.608562, 37.295023)", "action_flag": 3, "change_message": ""}}, {"model": "admin.logentry", "pk": 330, "fields": {"action_time": "2022-06-07T18:04:41.061Z", "user": 1, "content_type": 13, "object_id": "108", "object_repr": "Третьяковская галерея → (59.862705, 36.068985)", "action_flag": 3, "change_message": ""}}, {"model": "admin.logentry", "pk": 331, "fields": {"action_time": "2022-06-07T18:04:41.091Z", "user": 1, "content_type": 13, "object_id": "107", "object_repr": "Шереметьево → (53.572059, 40.085155)", "action_flag": 3, "change_message": ""}}, {"model": "admin.logentry", "pk": 332, "fields": {"action_time": "2022-06-07T18:04:41.120Z", "user": 1, "content_type": 13, "object_id": "106", "object_repr": "! → (60.435435, 154.039736)", "action_flag": 3, "change_message": ""}}, {"model": "admin.logentry", "pk": 333, "fields": {"action_time": "2022-06-07T18:04:41.149Z", "user": 1, "content_type": 13, "object_id": "105", "object_repr": ". → (52.498834, 45.912436)", "action_flag": 3, "change_message": ""}}, {"model": "admin.logentry", "pk": 334, "fields": {"action_time": "2022-06-07T18:04:41.178Z", "user": 1, "content_type": 13, "object_id": "104", "object_repr": "Sovetskaya street, 14, 63, → (43.247822, 76.910072)", "action_flag": 3, "change_message": ""}}, {"model": "admin.logentry", "pk": 335, "fields": {"action_time": "2022-06-07T18:05:30.654Z", "user": 1, "content_type": 13, "object_id": "117", "object_repr": "Внуково → (55.608562, 37.295023)", "action_flag": 3, "change_message": ""}}, {"model": "admin.logentry", "pk": 336, "fields": {"action_time": "2022-06-07T18:05:30.683Z", "user": 1, "content_type": 13, "object_id": "116", "object_repr": "Третьяковская галерея → (59.862705, 36.068985)", "action_flag": 3, "change_message": ""}}, {"model": "admin.logentry", "pk": 337, "fields": {"action_time": "2022-06-07T18:05:30.712Z", "user": 1, "content_type": 13, "object_id": "115", "object_repr": "Шереметьево → (53.572059, 40.085155)", "action_flag": 3, "change_message": ""}}, {"model": "admin.logentry", "pk": 338, "fields": {"action_time": "2022-06-07T18:05:30.741Z", "user": 1, "content_type": 13, "object_id": "114", "object_repr": "! → (60.435435, 154.039736)", "action_flag": 3, "change_message": ""}}, {"model": "admin.logentry", "pk": 339, "fields": {"action_time": "2022-06-07T18:05:30.770Z", "user": 1, "content_type": 13, "object_id": "113", "object_repr": "Москва, пл. Киевского Вокзала, 2 → (55.744637, 37.566072)", "action_flag": 3, "change_message": ""}}, {"model": "admin.logentry", "pk": 340, "fields": {"action_time": "2022-06-07T18:05:30.797Z", "user": 1, "content_type": 13, "object_id": "112", "object_repr": ". → (52.498834, 45.912436)", "action_flag": 3, "change_message": ""}}, {"model": "admin.logentry", "pk": 341, "fields": {"action_time": "2022-06-07T18:05:30.826Z", "user": 1, "content_type": 13, "object_id": "111", "object_repr": "Москва, Цветной бульвар, 11с2 → (55.770076, 37.620429)", "action_flag": 3, "change_message": ""}}, {"model": "admin.logentry", "pk": 342, "fields": {"action_time": "2022-06-07T18:05:30.855Z", "user": 1, "content_type": 13, "object_id": "110", "object_repr": "Sovetskaya street, 14, 63, → (43.247822, 76.910072)", "action_flag": 3, "change_message": ""}}, {"model": "admin.logentry", "pk": 343, "fields": {"action_time": "2022-06-07T18:13:08.553Z", "user": 1, "content_type": 13, "object_id": "125", "object_repr": "Москва, пл. Киевского Вокзала, 2 → (55.744637, 37.566072)", "action_flag": 3, "change_message": ""}}, {"model": "admin.logentry", "pk": 344, "fields": {"action_time": "2022-06-07T18:13:08.580Z", "user": 1, "content_type": 13, "object_id": "124", "object_repr": "Москва, Цветной бульвар, 11с2 → (55.770076, 37.620429)", "action_flag": 3, "change_message": ""}}, {"model": "admin.logentry", "pk": 345, "fields": {"action_time": "2022-06-07T18:13:08.607Z", "user": 1, "content_type": 13, "object_id": "123", "object_repr": "Внуково → (55.608562, 37.295023)", "action_flag": 3, "change_message": ""}}, {"model": "admin.logentry", "pk": 346, "fields": {"action_time": "2022-06-07T18:13:08.635Z", "user": 1, "content_type": 13, "object_id": "122", "object_repr": "Третьяковская галерея → (59.862705, 36.068985)", "action_flag": 3, "change_message": ""}}, {"model": "admin.logentry", "pk": 347, "fields": {"action_time": "2022-06-07T18:13:08.661Z", "user": 1, "content_type": 13, "object_id": "121", "object_repr": "Шереметьево → (53.572059, 40.085155)", "action_flag": 3, "change_message": ""}}, {"model": "admin.logentry", "pk": 348, "fields": {"action_time": "2022-06-07T18:13:08.688Z", "user": 1, "content_type": 13, "object_id": "120", "object_repr": "! → (60.435435, 154.039736)", "action_flag": 3, "change_message": ""}}, {"model": "admin.logentry", "pk": 349, "fields": {"action_time": "2022-06-07T18:13:08.716Z", "user": 1, "content_type": 13, "object_id": "119", "object_repr": ". → (52.498834, 45.912436)", "action_flag": 3, "change_message": ""}}, {"model": "admin.logentry", "pk": 350, "fields": {"action_time": "2022-06-07T18:13:08.744Z", "user": 1, "content_type": 13, "object_id": "118", "object_repr": "Sovetskaya street, 14, 63, → (43.247822, 76.910072)", "action_flag": 3, "change_message": ""}}, {"model": "admin.logentry", "pk": 351, "fields": {"action_time": "2022-06-07T18:30:01.877Z", "user": 1, "content_type": 13, "object_id": "129", "object_repr": "Москва, пл. Киевского Вокзала, 2 → (55.744637, 37.566072)", "action_flag": 3, "change_message": ""}}, {"model": "admin.logentry", "pk": 352, "fields": {"action_time": "2022-06-07T18:30:01.912Z", "user": 1, "content_type": 13, "object_id": "127", "object_repr": "Москва, Цветной бульвар, 11с2 → (55.770076, 37.620429)", "action_flag": 3, "change_message": ""}}, {"model": "admin.logentry", "pk": 353, "fields": {"action_time": "2022-06-07T19:21:09.739Z", "user": 1, "content_type": 13, "object_id": "126", "object_repr": "Sovetskaya street, 14, 63, → (43.247822, 76.910072)", "action_flag": 3, "change_message": ""}}, {"model": "auth.user", "pk": 1, "fields": {"password": "pbkdf2_sha256$260000$j82FVthn7tQWewxcMU0j1Z$ihTfCPkpziEQCbB5Uu8pDXZtD7RqZ027uTvjxrZyq0o=", "last_login": "2023-11-29T16:26:41.528Z", "is_superuser": true, "username": "maddy", "first_name": "", "last_name": "", "email": "", "is_staff": true, "is_active": true, "date_joined": "2022-05-06T19:28:56.302Z", "groups": [], "user_permissions": []}}, {"model": "sessions.session", "pk": "1gjmy6tgxhid8ufn6fjujwf0z4xffp7l", "fields": {"session_data": ".eJxVjEEOwiAQRe_C2pABgRaX7j0DGZhBqoYmpV0Z725JutDte-__twi4rSVsjZcwkbgIJU6_LGJ6cu2CHljvs0xzXZcpyp7IwzZ5m4lf16P9OyjYSl87UGwjxYTWYVZpHBMktyNWZM2gAWJ23msgMNoM-QzoVTZ7RQaYxOcL-kA4GQ:1r8NOb:zsp15ja19K0Q1H0Ms9BxcE7_fS7IxO4QGpktL8Mu_hM", "expire_date": "2023-12-13T16:26:41.533Z"}}, {"model": "sessions.session", "pk": "2x4m4auoybap5l75n9ziz5ltumq0njh2", "fields": {"session_data": ".eJxVjEEOwiAQRe_C2pABgRaX7j0DGZhBqoYmpV0Z725JutDte-__twi4rSVsjZcwkbgIJU6_LGJ6cu2CHljvs0xzXZcpyp7IwzZ5m4lf16P9OyjYSl87UGwjxYTWYVZpHBMktyNWZM2gAWJ23msgMNoM-QzoVTZ7RQaYxOcL-kA4GQ:1nr089:ZX0T4bjvcFTv81b_bvuluy-AleHG-a4_Mov1OoyT2I0", "expire_date": "2022-05-31T16:33:05.271Z"}}, {"model": "sessions.session", "pk": "flgxu3bobqz38frx7p3hqma4e7p9nmk7", "fields": {"session_data": ".eJxVjEEOwiAQRe_C2pABgRaX7j0DGZhBqoYmpV0Z725JutDte-__twi4rSVsjZcwkbgIJU6_LGJ6cu2CHljvs0xzXZcpyp7IwzZ5m4lf16P9OyjYSl87UGwjxYTWYVZpHBMktyNWZM2gAWJ23msgMNoM-QzoVTZ7RQaYxOcL-kA4GQ:1ntBT5:RlQ6rbKCAiDDzo-dkauvlxaB6Ytg3Y69LGBnts_Dkwk", "expire_date": "2022-06-06T17:03:43.092Z"}}, {"model": "sessions.session", "pk": "i6wyo79spvb7a2tzojjumulmkarjie5a", "fields": {"session_data": ".eJxVjEEOwiAQRe_C2pABgRaX7j0DGZhBqoYmpV0Z725JutDte-__twi4rSVsjZcwkbgIJU6_LGJ6cu2CHljvs0xzXZcpyp7IwzZ5m4lf16P9OyjYSl87UGwjxYTWYVZpHBMktyNWZM2gAWJ23msgMNoM-QzoVTZ7RQaYxOcL-kA4GQ:1nn3dM:RL80eP90vI3pUI4G6Z79tPZlcwBBStkjZXyuzr_aH4A", "expire_date": "2022-05-20T19:29:00.066Z"}}, {"model": "sessions.session", "pk": "sws6bjavmacumoldgdyxojk3r127z1zb", "fields": {"session_data": ".eJxVjEEOwiAQRe_C2pABgRaX7j0DGZhBqoYmpV0Z725JutDte-__twi4rSVsjZcwkbgIJU6_LGJ6cu2CHljvs0xzXZcpyp7IwzZ5m4lf16P9OyjYSl87UGwjxYTWYVZpHBMktyNWZM2gAWJ23msgMNoM-QzoVTZ7RQaYxOcL-kA4GQ:1o5kN0:Q88TioZCczS5Mlgbr3LaauHhRkI0LE3xNRItsoT5jto", "expire_date": "2022-07-11T08:45:22.346Z"}}, {"model": "sessions.session", "pk": "yrdqfj1e1nqn4qqjwhug4g4pe9byu8o7", "fields": {"session_data": ".eJxVjEEOwiAQRe_C2pABgRaX7j0DGZhBqoYmpV0Z725JutDte-__twi4rSVsjZcwkbgIJU6_LGJ6cu2CHljvs0xzXZcpyp7IwzZ5m4lf16P9OyjYSl87UGwjxYTWYVZpHBMktyNWZM2gAWJ23msgMNoM-QzoVTZ7RQaYxOcL-kA4GQ:1nxEho:yXeAfJrElhRIvqiWngLWPf6JjsW9NhtD68XD1kI8e5U", "expire_date": "2022-06-17T21:19:40.242Z"}}, {"model": "location.location", "pk": 128, "fields": {"address": ".", "latitude": "52.498834", "longitude": "45.912436", "generated_at": "2022-06-07T18:13:13.688Z"}}, {"model": "location.location", "pk": 130, "fields": {"address": "!", "latitude": "60.435435", "longitude": "154.039736", "generated_at": "2022-06-07T18:13:14.161Z"}}, {"model": "location.location", "pk": 131, "fields": {"address": "Шереметьево", "latitude": "53.572059", "longitude": "40.085155", "generated_at": "2022-06-07T18:13:14.462Z"}}, {"model": "location.location", "pk": 132, "fields": {"address": "Третьяковская галерея", "latitude": "59.862705", "longitude": "36.068985", "generated_at": "2022-06-07T18:13:14.811Z"}}, {"model": "location.location", "pk": 133, "fields": {"address": "Внуково", "latitude": "55.608562", "longitude": "37.295023", "generated_at": "2022-06-07T18:13:15.110Z"}}, {"model": "location.location", "pk": 134, "fields": {"address": "Москва, Цветной бульвар, 11с2", "latitude": "55.770076", "longitude": "37.620429", "generated_at": "2022-06-07T18:30:04.135Z"}}, {"model": "location.location", "pk": 135, "fields": {"address": "Москва, пл. Киевского Вокзала, 2", "latitude": "55.744637", "longitude": "37.566072", "generated_at": "2022-06-07T18:30:05.153Z"}}, {"model": "location.location", "pk": 136, "fields": {"address": "Sovetskaya street, 14, 63,", "latitude": "43.247822", "longitude": "76.910072", "generated_at": "2022-06-07T19:21:13.132Z"}}]